INCOME,SAVINGS,DEBT,T_CLOTHING_12,T_CLOTHING_6,T_EDUCATION_12,T_EDUCATION_6,T_ENTERTAINMENT_12,T_ENTERTAINMENT_6,T_FINES_12,T_FINES_6,T_GAMBLING_12,T_GAMBLING_6,T_GROCERIES_12,T_GROCERIES_6,T_HEALTH_12,T_HEALTH_6,T_HOUSING_12,T_HOUSING_6,T_TAX_12,T_TAX_6,T_TRAVEL_12,T_TRAVEL_6,T_UTILITIES_12,T_UTILITIES_6,T_EXPENDITURE_12,T_EXPENDITURE_6,CAT_GAMBLING,CAT_DEBT,CAT_CREDIT_CARD,CAT_MORTGAGE,CAT_SAVINGS_ACCOUNT,CAT_DEPENDENTS,CREDIT_SCORE,DEFAULT
0,29214,113782,0,0,0,0,0,0,0,0,571,256,872,453,231,131,1230,623,0,0,12042,6989,430,215,15376,8667,1,1,0,0,1,0,582,0
136742,252446,578523,6753,4193,0,0,14131,7164,0,0,0,0,15577,8024,7252,3669,0,0,5250,2628,48620,25876,7603,3823,105186,55377,0,1,0,0,1,0,613,1
100653,785093,1459468,3967,3030,21132,10639,7211,4441,0,0,1796,1073,43849,22544,6741,4085,0,0,4696,2351,0,0,11261,5675,100653,53838,2,1,0,0,1,1,498,1
115157,967319,426081,5972,3613,25562,12816,9133,5816,0,0,0,0,52793,27279,3271,1683,0,0,4736,1897,0,0,13690,6881,115157,59985,0,1,0,0,1,1,612,0
44879,648258,59839,1972,1172,0,0,9077,4596,0,0,0,0,11000,5682,5132,1335,0,0,492,246,18047,5581,4146,2095,49866,20707,0,1,0,0,1,0,659,0
122247,48899,1014650,7797,5330,0,0,29714,15095,0,0,0,0,9994,5157,4025,1760,0,0,4023,2014,61850,26739,4844,2430,122247,58525,0,1,1,0,1,0,581,0
522998,1150594,2126856,24330,12390,0,0,34093,17062,0,0,18610,10354,37705,19477,16885,10865,48972,24785,13869,6312,136010,71416,18191,9198,348665,181859,2,1,1,0,1,0,579,1
34573,428705,38030,890,325,0,0,6919,3817,0,0,479,200,6946,3219,3031,1328,13061,6610,348,174,0,0,2899,1452,34573,17125,1,1,0,0,1,0,602,0
81157,14756,81157,14177,7632,0,0,26533,13552,0,0,12895,6859,10293,5929,2527,1067,0,0,3011,1808,0,0,4343,2187,73779,39034,2,1,0,0,1,0,646,0
55360,110720,437344,3926,1105,3800,1901,11642,5887,0,0,5611,3393,3900,2026,684,460,0,0,1574,788,22323,12981,1900,955,55360,29496,2,1,0,0,1,0,575,1
70477,56382,288956,15513,11140,5910,2963,17959,9196,0,0,0,0,6530,3595,2297,546,16872,8539,2444,1224,0,0,2952,1479,70477,38682,0,1,0,0,1,0,606,0
25645,17952,251321,734,54,9051,4554,3439,1762,0,0,1463,766,3476,1156,377,11,0,0,0,0,6072,1817,1033,519,25645,10639,2,1,0,0,1,0,519,0
9045,7538,0,178,80,369,185,4817,2466,0,0,0,0,754,382,0,0,0,0,0,0,8957,4710,0,0,15075,7823,0,0,0,0,1,0,615,0
42073,538534,33658,2217,989,0,0,6929,3568,0,0,520,294,8508,4387,5927,3961,14393,7284,384,192,0,0,3195,1610,42073,22285,1,1,1,0,1,0,655,0
95443,242945,78089,4847,2517,0,0,3513,1781,0,0,0,0,28831,15782,7347,3249,0,0,2895,1449,32340,25924,6993,3522,86766,54224,0,1,0,0,1,1,609,0
51559,670270,68746,2192,1446,0,0,7517,4794,0,0,0,0,6999,3752,4221,2691,11418,5778,250,150,22167,13175,2524,1264,57288,33050,0,1,0,0,1,0,604,1
33269,0,532304,1889,945,0,0,3068,1554,0,0,1313,605,4849,2753,320,0,3006,1521,0,0,17893,11439,931,469,33269,19286,2,1,0,0,0,0,444,1
18029,1639,0,157,4,0,0,7758,4796,0,0,0,0,824,366,0,0,0,0,0,0,7651,1164,0,0,16390,6330,0,0,0,0,1,0,633,1
84308,153288,950386,7822,4635,3202,1608,12210,6190,0,0,7030,3369,13322,6872,3984,2403,17308,8760,5348,2677,0,0,6418,3217,76644,39731,2,1,0,0,1,0,520,1
28637,359555,50910,1079,376,0,0,5286,2714,0,0,506,256,5596,2526,4078,1203,0,0,264,120,12632,5343,2378,1189,31819,13727,1,1,0,0,1,0,641,0
20118,12574,701601,1266,327,0,0,3034,1558,0,0,0,0,4288,2222,665,338,2982,1509,0,0,11989,7077,923,463,25147,13494,0,1,1,0,1,0,323,1
111294,131529,182117,13113,5973,7093,3549,21820,10960,0,0,10598,5993,7367,3814,2984,1717,0,0,2715,1482,31916,14469,3570,1793,101176,49750,2,1,0,0,1,0,616,0
402919,374139,2129713,26164,16586,0,0,43343,25236,0,0,17662,7141,39627,20520,16062,9272,0,0,14591,7967,111178,53511,19172,9615,287799,149848,2,1,1,0,1,0,563,1
0,6300,10192,0,0,0,0,0,0,0,0,0,0,1205,686,127,39,0,0,0,0,0,0,521,261,1853,986,0,1,0,0,1,0,677,0
149701,81655,149701,9948,5119,0,0,28974,14644,190,190,13352,7192,9914,5116,3432,576,0,0,3982,1993,61494,33034,4806,2411,136092,70275,2,1,0,0,1,0,617,0
168502,428915,903786,5978,2429,16063,8083,4307,2213,0,0,0,0,38678,22564,7563,4540,35320,17875,3559,1782,33162,20162,8554,4307,153184,83955,0,1,0,1,1,1,601,1
97627,48814,859118,8148,858,0,0,31345,15741,0,0,15934,8646,8173,3190,936,343,0,0,4177,2091,23893,5407,5021,2528,97627,38804,2,1,0,0,1,0,550,0
425002,920837,3577097,23362,13411,9886,4942,55859,37856,0,0,0,0,46552,26748,21081,13962,0,0,16471,8246,161114,112871,19843,9971,354168,228007,0,1,1,0,1,0,475,1
62978,377870,108781,1457,62,0,0,6502,3340,0,0,0,0,6506,2628,6734,2170,13535,6850,330,180,19201,8420,2988,1499,57253,25149,0,1,0,0,1,0,639,0
137237,212094,736090,10104,5108,6665,3337,20442,10446,0,0,11378,4976,6825,3527,1199,808,19018,9625,2755,1380,43067,22531,3308,1656,124761,63394,2,1,0,0,1,0,574,0
23415,192526,41627,609,79,0,0,4066,2051,0,0,0,0,3985,1584,925,925,8450,4276,228,114,5886,280,1868,943,26017,10252,0,1,0,0,1,0,663,0
18253,0,56787,1833,805,0,0,5475,3446,78,78,1569,781,5020,2238,1066,635,4004,2026,0,0,0,0,1236,623,20281,10632,2,1,0,1,0,0,575,0
63931,671276,63931,1705,1061,0,0,8986,5409,0,0,714,369,9080,4681,5240,2129,15386,7787,340,136,19058,8987,3422,1716,63931,32275,1,1,0,1,1,0,616,0
0,55493,96098,0,0,0,0,0,0,0,0,0,0,865,447,149,48,1210,612,0,0,10886,5851,425,215,13535,7173,0,1,0,0,1,0,623,0
360959,832983,2637780,9034,469,8794,4413,33159,16781,0,0,0,0,37516,20086,5811,3742,47158,23866,14574,7296,104010,62658,17605,8872,277661,148183,0,1,1,0,1,0,646,0
309710,1032368,1471124,11393,1802,9600,4848,36463,18587,0,0,0,0,34557,15353,8613,1820,51840,26236,16019,8019,70463,24774,19144,9630,258092,111069,0,1,1,1,1,0,630,0
302627,259394,2075155,21135,17122,5906,2968,22178,11339,0,0,0,0,25843,14053,11629,6052,31817,16102,9830,4921,76000,47708,11824,5926,216162,126191,0,1,0,1,1,0,630,0
12570,116555,15998,1058,774,0,0,3223,1672,0,0,249,101,3939,2030,1290,0,0,0,180,90,0,0,1488,752,11427,5419,1,1,0,0,1,0,600,0
42727,371725,81181,1968,1417,0,0,4248,2175,47,29,0,0,5788,3279,3609,3029,8778,4443,228,114,16114,10329,1947,976,42727,25791,0,1,0,1,1,0,603,1
8917,991,7926,505,266,4299,2170,2103,1300,0,0,0,0,2269,1177,242,185,0,0,0,0,0,0,490,247,9908,5345,0,1,0,0,1,0,594,1
74780,184074,477441,4660,1028,0,0,10216,5289,0,0,0,0,8346,2963,2306,1055,0,0,4488,2247,22092,5626,5415,2716,57523,20924,0,1,0,0,1,0,608,0
290284,532187,798280,14674,11523,0,0,20837,16067,0,0,0,0,83231,46897,25328,16103,0,0,6739,3374,71666,48114,19428,9739,241903,151817,0,1,0,0,1,1,617,0
4436,2661,0,85,45,0,0,2642,1368,0,0,0,0,405,213,0,0,0,0,0,0,5739,3116,0,0,8871,4742,0,0,0,0,1,0,635,0
50970,477261,13901,1809,583,0,0,9750,6427,0,0,0,0,6889,2864,7562,2695,0,0,341,186,16839,5433,3146,1584,46336,19772,0,1,0,0,1,0,627,0
253599,743890,980583,15283,7904,0,0,20678,10275,0,0,0,0,22968,11863,5325,1386,29955,15159,8483,3861,55237,22359,11137,5608,169066,78415,0,1,0,0,1,0,629,0
313837,337978,2993521,22991,15031,0,0,22876,11545,0,0,0,0,28093,16083,14038,11195,32448,16422,6686,4182,102172,72292,12109,6077,241413,152827,0,1,1,0,1,0,494,0
386108,675690,1512258,21654,9298,0,0,35400,18165,0,0,21439,11170,45554,26829,13706,5073,50109,25360,14195,7752,101033,55411,18667,9389,321757,168447,2,1,0,1,1,0,535,0
133987,368465,1976311,2410,2410,12830,6443,4459,2768,0,0,0,0,26620,13637,7421,2498,28362,14354,2859,1431,19803,11535,6892,3464,111656,58540,0,1,1,1,1,1,505,0
178532,471835,1351744,6348,1180,5156,2597,19525,9927,0,0,0,0,15365,5149,6458,443,27578,13957,8522,4266,28302,3745,10269,5154,127523,46418,0,1,1,0,1,0,605,0
145097,184668,527624,10753,6615,8665,4364,26147,13270,0,0,11455,5485,10136,5845,4128,2009,0,0,3585,1794,52739,27934,4298,2157,131906,69473,2,1,0,0,1,0,602,0
98961,228372,1004837,9565,6175,3439,1735,12794,6401,0,0,0,0,14237,7376,4948,3338,18508,9367,5720,2863,0,0,6913,3469,76124,40724,0,1,0,1,1,0,550,0
83800,645260,16760,2851,1288,0,0,8769,4384,0,0,0,0,10872,5611,8808,5257,18468,9347,488,246,29461,16911,4083,2051,83800,45095,0,1,0,0,1,0,677,0
14959,200451,11967,711,422,0,0,4204,3103,20,10,0,0,2707,1392,1587,605,4604,2330,110,50,0,0,1016,511,14959,8423,0,1,0,0,1,0,638,0
153609,184331,691240,9556,4666,9798,4916,30059,15532,0,0,17567,8754,8957,4098,1568,978,28073,14208,3387,1696,39740,15840,4904,2467,153609,73155,2,1,0,1,1,0,591,0
113172,833360,967110,3519,754,0,0,8629,4429,0,0,0,0,56103,23869,11038,2914,0,0,6529,3566,0,0,17066,8553,102884,44085,0,1,0,0,1,1,596,0
0,58340,137099,0,0,0,0,0,0,0,0,0,0,1023,487,211,83,1524,771,0,0,11296,6044,531,267,14585,7652,0,1,0,0,1,0,523,1
279743,536174,1771704,30489,22986,5639,2832,21383,10932,0,0,0,0,27351,16081,9783,3063,0,0,8609,3918,118519,85641,11346,5734,233119,151187,0,1,1,0,1,0,581,1
388814,742281,2156149,13972,3849,0,0,55118,36284,0,0,0,0,41989,21678,19431,9750,54609,27637,15470,8447,132518,69991,20360,10249,353467,187885,0,1,0,0,1,0,633,0
39384,350518,63014,1776,919,0,0,8853,5633,0,0,0,0,6254,2477,5939,1470,13268,6715,348,174,0,0,2946,1481,39384,18869,0,1,0,1,1,0,656,0
69451,868138,55561,3632,3089,0,0,8003,4954,64,64,0,0,8345,4681,6432,3837,12847,6502,308,140,26958,20001,2862,1437,69451,44705,0,1,0,0,1,0,576,1
55865,50278,502785,5873,3876,0,0,12293,6238,0,0,7263,3746,4381,2361,2133,1416,0,0,1670,836,20232,10636,2020,1012,55865,30121,2,1,0,0,1,0,547,0
64291,701352,70135,2094,1303,0,0,9035,4574,0,0,0,0,10948,5641,7596,3831,0,0,492,246,24157,16693,4124,2083,58446,34371,0,1,0,0,1,0,624,0
81290,966445,162580,1255,0,0,0,9637,4933,0,0,0,0,13714,8058,11765,5047,19813,10027,521,263,29216,18733,4401,2210,90322,49271,0,1,0,0,1,0,639,0
30684,52163,147283,1438,332,0,0,6730,3398,0,0,0,0,2303,1191,922,512,0,0,843,385,17345,12122,1103,552,30684,18492,0,1,0,0,1,0,549,1
15887,3530,208294,830,395,3742,1871,1893,1199,0,0,0,0,1962,1004,514,260,0,0,0,0,8280,4828,431,216,17652,9773,0,1,0,0,1,0,482,1
133592,85013,680103,12476,264,0,0,25114,12885,0,0,8884,3678,7326,3165,682,210,23833,12061,3451,1728,35515,5757,4166,2089,121447,41837,2,1,0,0,1,0,610,0
125508,460196,794884,8243,2451,0,0,13488,6843,388,388,0,0,14713,7601,4199,2564,0,0,5919,2963,50541,28933,7099,3567,104590,55310,0,1,0,0,1,0,596,0
156221,781104,511268,20429,13981,0,0,7971,4044,0,0,2736,1592,66150,36612,23028,17312,0,0,6002,2732,0,0,15703,7878,142019,84151,2,1,0,0,1,1,600,1
165726,1446336,708102,8186,3668,0,0,8386,5008,0,0,2302,1324,53413,27498,11577,8352,0,0,5238,2860,47747,22787,13811,6930,150660,78427,2,1,0,0,1,1,577,0
0,59602,99336,0,0,0,0,0,0,0,0,0,0,1098,616,153,125,1357,687,0,0,13475,10102,473,239,16556,11769,0,1,0,0,1,0,575,0
159927,930483,189004,1068,0,23023,11529,6183,3126,0,0,0,0,42203,19063,4862,3310,50677,25648,5107,2557,0,0,12265,6170,145388,71403,0,1,0,1,1,1,647,0
63078,37847,473085,7974,1111,4605,2306,14085,7220,0,0,0,0,4278,1979,1612,769,0,0,1750,955,26470,12610,2304,1158,63078,28108,0,1,0,0,1,0,593,0
103175,120371,1117727,4266,1418,2949,1485,14670,9123,151,151,5899,2688,10008,4085,4897,2111,0,0,4912,2459,32316,14491,5911,2979,85979,40990,2,1,0,0,1,0,533,0
39293,13098,619958,779,197,10115,5068,3867,1952,0,0,0,0,4334,1719,696,444,3745,1896,0,0,18953,9463,1170,588,43659,21327,0,1,1,0,1,0,519,0
275878,220703,2611650,41262,33075,6132,3081,22958,11695,0,0,10473,5448,29968,17727,17719,13147,32987,16694,10192,5103,0,0,12228,6130,183919,112100,2,1,1,0,1,0,563,0
53192,67698,130561,4450,526,3945,1982,12016,6133,0,0,6505,3105,3907,1935,1232,270,0,0,1508,823,12821,1011,1972,994,48356,16779,2,1,0,0,1,0,645,0
263308,283563,2734358,4563,4563,0,0,24051,12215,0,0,13041,6551,29857,17230,9777,5305,34100,17258,10536,5275,63977,32773,12643,6333,202545,107503,2,1,1,0,1,0,521,1
414704,452405,791708,22159,15163,10243,5143,38530,19506,0,0,0,0,48189,27909,19166,14292,54808,27738,15526,8479,148050,86823,20333,10254,377004,215307,0,1,1,1,1,0,577,1
23062,345924,30749,958,779,0,0,2129,1083,0,0,185,101,2984,1725,4588,3414,4422,2238,110,50,9270,6906,978,491,25624,16787,1,1,0,0,1,0,604,0
17680,170903,25537,771,265,0,0,3861,1978,0,0,365,183,4781,2510,1901,277,0,0,198,90,5997,1804,1770,888,19644,7995,1,1,0,0,1,0,595,0
314430,445442,707468,35861,29157,0,0,37425,19082,0,0,18912,11780,49532,29779,32654,25322,52959,26803,15004,8193,0,0,19678,9914,262025,160030,2,1,0,1,1,0,691,0
166965,400716,678991,5995,2609,3567,1785,13545,6850,0,0,6519,3935,14778,7606,3498,820,0,0,5441,2477,50833,28944,7134,3597,111310,58623,2,1,0,0,1,0,582,0
43996,70394,233179,3875,1865,0,0,8407,4313,73,0,0,0,2357,973,360,198,7944,4020,1152,576,18443,8396,1385,693,43996,21034,0,1,0,0,1,0,609,1
14291,207220,20007,1688,1195,0,0,3616,1831,0,0,0,0,4430,2294,2731,2237,0,0,161,81,0,0,1665,843,14291,8481,0,1,0,0,1,0,624,1
436101,407028,1831624,10320,4996,7764,3884,29618,15111,0,0,14643,6012,37122,21554,18665,9473,0,0,12898,6457,144257,106815,15447,7783,290734,182085,2,1,0,0,1,0,691,1
10144,118685,10144,423,27,0,0,2290,1184,0,0,0,0,2427,1086,1418,152,0,0,120,60,2421,596,1045,526,10144,3631,0,1,0,0,1,0,693,0
45872,293581,59634,872,872,0,0,6643,3429,0,0,0,0,8069,4159,5572,1911,0,0,360,180,21326,10240,3030,1522,45872,22313,0,1,0,0,1,0,639,0
177977,161797,453032,28067,15827,8127,4059,24246,12375,0,0,0,0,9981,5904,2914,2914,23415,11850,3391,1698,57584,38041,4072,2042,161797,94710,0,1,0,0,1,0,625,0
152964,588325,1682610,11982,9420,0,0,15515,7920,0,0,0,0,17791,9729,7452,5597,0,0,6698,3353,50169,35569,8058,4054,117665,75642,0,1,1,0,1,0,545,0
29458,23566,288688,1567,932,0,0,4578,3072,0,0,0,0,4770,2642,557,337,0,0,0,0,17044,11824,942,474,29458,19281,0,1,0,0,1,0,485,1
87334,674858,1579960,2480,354,0,0,6683,4520,0,0,1148,627,29786,13208,3816,2760,0,0,3670,1837,23041,9478,8771,4406,79395,37190,2,1,0,0,1,1,430,1
86786,433928,899414,4098,3167,0,0,2847,1465,0,0,1042,521,18324,7817,4041,2729,23193,11737,1947,975,17768,9347,5636,2827,78896,40585,2,1,0,1,1,1,521,1
82484,749850,922316,4308,1707,0,0,5171,2634,0,0,0,0,30983,11637,3052,609,0,0,4305,2155,16811,993,10355,5228,74985,24963,0,1,0,0,1,1,558,1
167684,642790,1816581,10501,1143,0,0,21521,10956,0,0,0,0,20098,8947,8657,3369,0,0,8540,3887,59187,25067,11233,5630,139737,58999,0,1,0,0,1,0,593,0
60917,636858,88606,1345,1095,0,0,8273,5362,0,0,0,0,7156,3690,4815,1629,12118,6133,270,162,18705,8967,2697,1357,55379,28395,0,1,0,0,1,0,642,0
235128,1763460,2069126,8697,2408,0,0,12928,8289,0,0,0,0,89531,54081,12510,10239,0,0,6530,3269,86153,57299,18779,9463,235128,145048,0,1,0,0,1,1,522,0
307348,351254,1866039,15277,4034,8372,4224,31950,16330,0,0,0,0,30988,14210,6436,275,45241,22896,12815,6999,51603,1456,16852,8464,219534,78888,0,1,1,1,1,0,613,1
161166,483498,389484,4838,591,0,0,25003,12582,0,0,13690,7090,23975,10951,8959,1330,34987,17706,9912,5413,0,0,12941,6499,134305,62162,2,1,0,1,1,0,628,0
88428,405295,36845,4948,2907,0,0,3086,1568,0,0,0,0,27597,16218,4721,2575,0,0,2299,1254,24980,13795,6059,3065,73690,41382,0,1,0,0,1,1,652,0
4498,4498,0,115,64,286,145,3764,1953,0,0,0,0,612,316,0,0,0,0,0,0,4220,2877,0,0,8997,5355,0,0,0,0,1,0,585,0
81832,1170198,73649,1996,1271,0,0,8645,4420,0,0,0,0,12050,6938,7979,4250,17884,9052,429,234,28870,14725,3979,1996,81832,42886,0,1,0,0,1,0,657,0
3790,1137,0,52,22,233,119,3050,1541,0,0,0,0,455,227,0,0,0,0,0,0,0,0,0,0,3790,1909,0,0,0,0,1,0,659,0
1635,818,0,76,36,162,80,2143,1080,0,0,0,0,344,174,0,0,0,0,0,0,0,0,0,0,2725,1370,0,0,0,0,1,0,682,0
185860,1412536,1040816,7797,3923,0,0,5944,3014,0,0,1705,627,51332,29672,12577,7117,48122,24355,4848,2427,41869,21098,11666,5859,185860,98092,2,1,0,0,1,1,551,1
89137,704182,80223,3617,2605,0,0,7632,3930,0,0,708,376,10050,5580,13449,9351,15817,8005,420,210,33945,25541,3499,1746,89137,57344,1,1,0,1,1,0,620,1
6553,4368,0,125,74,0,0,4890,2494,0,0,0,0,643,268,0,0,0,0,0,0,5263,2575,0,0,10921,5411,0,0,0,0,1,0,621,0
72542,87050,696403,6667,4094,0,0,16002,8098,0,0,0,0,5413,2797,1898,965,15093,7638,1822,912,23034,10410,2613,1314,72542,36228,0,1,0,1,1,0,585,0
62754,43928,50203,1139,1139,10069,5054,30749,15689,0,0,0,0,9723,4657,2536,168,0,0,3486,1396,0,0,5052,2529,62754,30632,0,1,0,0,1,0,650,0
0,5548,70541,0,0,0,0,0,0,0,0,0,0,828,320,135,16,0,0,0,0,6457,1541,506,253,7926,2130,0,1,0,0,1,0,623,0
31869,237570,31869,2265,1476,0,0,8443,5326,0,0,489,236,8796,5108,5786,4934,0,0,337,169,0,0,2856,1429,28972,18678,1,1,0,0,1,0,581,0
64188,911470,77026,1597,1022,0,0,6764,3442,0,0,0,0,9752,5738,8161,5350,14124,7148,341,186,20305,10878,3144,1584,64188,35348,0,1,0,0,1,0,660,1
73060,862108,29224,3759,2358,0,0,8010,4059,0,0,604,294,9873,5106,6860,2414,16815,8510,407,185,22988,12033,3744,1888,73060,36847,1,1,0,0,1,0,655,0
101880,138927,944704,7899,1320,3820,1912,14706,7492,0,0,7823,3594,14401,6764,2649,818,0,0,5829,3183,27881,9462,7610,3803,92618,38348,2,1,0,0,1,0,547,0
8086,2021,0,31,8,362,182,4715,2408,0,0,0,0,708,343,0,0,0,0,0,0,4291,160,0,0,10107,3101,0,0,0,0,1,0,701,0
255662,790228,1882602,15804,8256,7816,3927,35200,20795,0,0,13424,8044,32350,16681,1867,0,0,0,11876,5405,98441,51426,15642,7852,232420,122386,2,1,1,0,1,0,557,0
7226,7226,154960,320,102,0,0,1581,1051,0,0,0,0,1401,654,228,114,0,0,0,0,4169,2317,330,164,8029,4402,0,1,0,0,1,0,425,1
168810,379822,2025720,19407,1385,9127,4591,34611,17603,0,0,0,0,36772,18744,7442,3192,0,0,15117,7569,0,0,18199,9174,140675,62258,0,1,0,0,1,0,574,0
57540,621432,57540,1593,820,0,0,12204,7877,0,0,0,0,10875,5617,9930,5083,18399,9312,440,200,0,0,4099,2060,57540,30969,0,1,0,0,1,0,629,0
40198,259462,3654,1109,591,0,0,4069,2067,0,0,354,167,4906,2533,2839,1176,8302,4202,198,90,12926,6274,1841,922,36544,18022,1,1,0,0,1,0,649,0
250333,1355972,2211277,4984,1744,35781,18006,9612,4952,0,0,0,0,74026,38208,9239,6956,0,0,7260,3304,48684,25859,19025,9528,208611,108557,0,1,0,0,1,1,548,1
81200,121800,747040,15926,10796,10044,5058,30485,15517,0,0,0,0,10436,5407,5422,2454,0,0,3844,2099,0,0,5043,2526,81200,43857,0,1,0,0,1,0,565,0
56326,757834,5120,1529,90,0,0,12427,8325,0,0,0,0,9001,4033,6640,2024,17366,8790,380,190,0,0,3862,1942,51205,25394,0,1,0,0,1,0,645,0
282058,1435930,2564160,17119,11596,31630,15862,12924,8714,0,0,3002,1615,65710,34155,11783,3855,0,0,6416,3504,90994,60760,16838,8435,256416,148496,2,1,1,0,1,1,557,0
13186,4395,99627,431,214,3644,1831,1387,709,0,0,561,260,1947,1007,195,104,0,0,0,0,6071,3259,415,210,14651,7594,1,1,0,0,1,0,574,1
29709,202021,41593,1179,730,0,0,5096,2578,0,0,359,166,6214,3207,3635,1491,10596,5363,276,138,0,0,2354,1188,29709,14861,1,1,0,0,1,0,642,0
7710,3084,0,199,128,350,177,6337,4151,0,0,0,0,824,476,0,0,0,0,0,0,0,0,0,0,7710,4932,0,0,0,0,1,0,581,1
18830,2354,393068,1282,592,0,0,2799,1433,0,0,0,0,3963,2041,715,415,2754,1395,0,0,11174,6576,850,427,23537,12879,0,1,0,0,1,0,411,0
0,87105,40773,0,0,0,0,0,0,0,0,0,0,1274,740,305,180,1549,784,0,0,14866,8475,539,273,18533,10452,0,1,0,0,1,0,556,0
15973,137368,4792,466,356,0,0,2480,1276,0,0,0,0,3055,1574,2805,1417,0,0,132,66,5885,3145,1150,578,15973,8412,0,1,0,0,1,0,655,0
239586,447227,2315998,11539,4505,4250,2148,16034,8169,0,0,9315,4764,17588,9110,3053,2039,22883,11581,6481,2950,60088,34929,8493,4263,159724,84458,2,1,0,0,1,0,603,0
80891,889801,64713,1686,0,0,0,9687,4982,0,0,0,0,12751,7034,14746,10667,0,0,528,264,37065,23489,4428,2223,80891,48659,0,1,0,0,1,0,607,0
35705,42846,217800,3331,2317,2142,1078,6497,3332,0,0,0,0,2213,1141,1283,779,6140,3108,814,370,12216,7027,1069,540,35705,19692,0,1,0,1,1,0,554,0
177908,578202,578202,7574,493,5289,2659,20403,10465,0,0,10631,5785,18281,7719,4304,1795,0,0,8047,4395,63180,31698,10548,5302,148257,70311,2,1,0,0,1,0,636,0
275838,845903,588454,10242,7654,7363,3691,27887,14232,0,0,15746,7963,28560,13940,8103,2926,0,0,10143,5077,61219,25671,14629,7375,183892,88529,2,1,0,0,1,0,634,0
42650,263656,42650,1641,0,0,0,9403,4782,0,0,840,398,13215,7614,8823,6262,0,0,516,258,0,0,4335,2174,38773,21488,1,1,0,0,1,0,614,0
68682,611892,49950,1667,83,0,0,9012,4548,0,0,0,0,8489,3099,4662,878,18791,9510,492,246,15155,2539,4170,2093,62438,22996,0,1,0,1,1,0,695,0
248788,580504,1492726,17793,9559,0,0,18875,9722,0,0,10199,4680,22116,12198,8521,6230,26755,13540,8266,4138,84838,48295,9960,5000,207323,113362,2,1,1,0,1,0,596,0
339872,962972,2747302,25286,15775,9198,4611,45137,28369,0,0,0,0,37956,19569,16083,7223,0,0,13954,7620,117286,62303,18327,9212,283227,154682,0,1,1,0,1,0,558,1
28181,11272,397352,618,318,7786,3901,2951,1495,0,0,0,0,4126,2132,557,441,0,0,0,0,11254,4009,889,447,28181,12743,0,1,0,0,1,0,544,1
288302,967871,2924206,11647,5107,6641,3342,24885,12764,0,0,14471,7273,30885,17636,5175,486,35581,18007,10993,5503,52492,12689,13160,6593,205930,89400,2,1,1,1,1,0,528,0
110805,132966,520784,11649,7658,5500,2769,16616,8353,0,0,9978,5168,5694,2945,1963,993,15787,7990,2287,1146,38592,22262,2739,1372,110805,60656,2,1,0,0,1,0,586,0
21958,251521,9981,1446,884,0,0,6299,3167,0,0,0,0,6724,2954,2267,1361,0,0,290,174,0,0,2936,1475,19962,10015,0,1,0,0,1,0,611,0
18688,213880,12459,724,64,0,0,3842,1968,0,0,0,0,4329,2038,1876,276,8009,4053,216,108,0,0,1769,896,20765,9403,0,1,0,0,1,0,672,0
6529,0,0,115,31,402,201,5185,2652,0,0,0,0,827,431,0,0,0,0,0,0,0,0,0,0,6529,3315,0,0,0,0,0,0,656,0
21411,267638,38540,638,263,0,0,3817,2436,0,0,200,92,3534,1828,3247,1238,0,0,156,78,8491,3683,1328,664,21411,10282,1,1,0,0,1,0,643,0
65690,65690,302174,3427,354,0,0,16496,10525,0,0,6075,3593,4702,2674,927,207,11664,5904,1691,846,18678,8821,2030,1025,65690,33949,2,1,0,0,1,0,550,0
53691,10738,263086,4642,942,0,0,11207,5731,0,0,0,0,3042,1202,765,521,10612,5371,1536,768,20043,9000,1844,928,53691,24463,0,1,0,1,1,0,616,1
332069,2407499,802500,14685,6846,0,0,9621,4899,0,0,2783,1443,73144,37812,11278,4608,78161,39557,7220,3943,60863,32359,18969,9516,276724,140983,2,1,0,1,1,1,563,0
259146,1922000,1662854,12180,8527,27246,13731,7493,3916,0,0,2029,1118,59790,32388,12789,9383,0,0,5577,3046,74180,52349,14671,7372,215955,131830,2,1,1,0,1,1,587,1
135092,364748,1486012,6067,2988,0,0,4689,2378,0,0,1355,863,38587,21485,7553,5396,37908,19185,3503,1913,26251,17716,9179,4621,135092,76545,2,1,1,1,1,1,500,0
202059,450747,1056924,2282,387,5431,2738,20778,10573,0,0,10841,5044,21909,11077,5984,829,29320,14838,8307,4536,39663,13134,10915,5506,155430,68662,2,1,0,0,1,0,592,0
20007,22508,457665,1451,861,10607,5314,5233,3286,0,0,0,0,5629,2920,867,577,0,0,0,0,0,0,1222,613,25009,13571,0,1,0,0,1,0,423,0
19242,16836,98613,935,427,6756,3385,2556,1292,47,0,0,0,3607,1855,737,276,0,0,0,0,8638,3361,776,386,24052,10982,0,1,0,0,1,0,647,1
16014,97685,20818,637,187,0,0,5318,2724,0,0,0,0,5366,2282,1983,564,0,0,288,144,0,0,2422,1220,16014,7121,0,1,0,0,1,0,654,0
58383,164532,488290,1166,295,0,0,11085,5604,0,0,0,0,9107,3350,4158,795,0,0,4389,2397,17397,3457,5773,2915,53075,18813,0,1,0,0,1,0,584,0
287128,242955,3136326,17903,9205,6629,3356,25500,13084,0,0,0,0,27310,14084,8022,6422,35630,18032,11010,5512,75630,36075,13234,6669,220868,112439,0,1,1,0,1,0,519,0
90599,951290,90599,4223,2145,0,0,12805,8286,0,0,708,293,11222,5807,9118,3819,18967,9600,504,252,28834,13954,4218,2122,90599,46278,1,1,0,0,1,0,617,0
191412,462579,797550,5740,415,5312,2674,20205,10225,0,0,0,0,21152,10490,6917,4295,0,0,8110,4429,81408,43329,10666,5378,159510,81235,0,1,0,0,1,0,617,0
60744,747151,6074,2004,539,0,0,6630,3445,0,0,0,0,8227,4316,7115,3400,0,0,330,150,33389,22396,3049,1526,60744,35772,0,1,0,0,1,0,627,0
379090,783454,833999,14599,6035,0,0,32342,16442,1421,380,17739,10042,35348,18258,10244,4171,0,0,13045,5938,110808,58859,17181,8625,252727,128750,2,1,0,0,1,0,557,1
36011,8002,604181,1993,1271,9622,4819,3587,1831,0,0,0,0,6049,3576,871,348,3549,1796,0,0,13244,11824,1097,550,40012,26015,0,1,1,0,1,0,507,0
363335,1453339,1877230,14313,8780,8374,4210,31743,16492,1164,428,15275,6009,34688,17908,15965,6101,45051,22800,12760,5809,106763,57423,16683,8391,302779,154351,2,1,1,0,1,0,611,0
257093,237317,850385,21152,4191,0,0,37788,19393,0,0,0,0,46672,26723,4680,0,53732,27194,13837,6928,0,0,19903,9969,197764,94398,0,1,0,1,1,0,614,1
178922,536765,1691622,10959,3726,5356,2681,25501,15715,427,427,0,0,22074,11350,9457,3643,0,0,8872,4441,69350,36958,10660,5382,162656,84323,0,1,0,0,1,0,567,0
134784,362880,1099008,12200,5716,3273,1637,12423,6358,0,0,6438,3595,13514,7002,3129,835,0,0,4980,2266,41213,18013,6510,3268,103680,48690,2,1,0,0,1,0,558,0
337242,2422014,4046909,9034,4187,0,0,9786,4999,0,0,2789,1080,81836,45170,17560,13005,80196,40587,7409,4046,78487,55424,19487,9847,306584,178345,2,1,1,1,1,1,502,1
55030,330178,18343,1012,227,0,0,13362,8856,0,0,0,0,9436,3899,5300,2661,0,0,387,215,27325,14374,4322,2175,61144,32407,0,1,0,0,1,0,630,0
284518,812908,1930656,22965,10371,9324,4673,35232,18029,0,0,0,0,38712,19976,13364,6673,50555,25586,14320,7821,0,0,18755,9430,203227,102559,0,1,0,1,1,0,573,0
178893,1556369,2969624,5104,1250,21882,10975,5894,2990,0,0,1798,1093,50279,28368,5966,1820,48122,24355,4443,2022,23759,9299,11646,5836,178893,88008,2,1,1,1,1,1,488,1
199356,398712,398712,25087,11974,0,0,25035,12849,0,0,0,0,27590,14266,11241,8122,0,0,11085,5549,52857,28589,13235,6664,166130,88013,0,1,0,0,1,0,632,0
14409,16010,422664,1182,840,0,0,3977,2336,0,0,0,0,5722,3452,860,508,3261,1650,0,0,0,0,1008,506,16010,9292,0,1,0,0,1,0,363,1
9164,4582,0,106,30,277,139,3644,1845,0,0,0,0,588,312,0,0,0,0,0,0,6840,4306,0,0,11455,6632,0,0,0,0,1,0,626,0
25842,146436,45941,222,27,0,0,4552,2290,0,0,0,0,4910,2280,964,366,9239,4676,240,120,6532,1632,2054,1026,28713,12417,0,1,0,0,1,0,605,0
115261,316968,336178,2564,126,0,0,31948,25161,0,0,7759,3928,13105,5824,3687,330,0,0,6088,3048,23572,6042,7328,3689,96051,48148,2,1,0,0,1,0,577,0
6405,712,0,73,40,150,75,1906,969,0,0,0,0,270,144,0,0,0,0,0,0,4718,3052,0,0,7117,4280,0,0,0,0,1,0,632,0
279600,675700,3378500,6774,1416,0,0,45978,31098,0,0,18831,9723,34142,17956,6838,2961,43504,22017,13443,6729,47348,7221,16142,8112,233000,107233,2,1,1,1,1,0,538,1
68967,55174,572426,3577,484,6387,3192,19360,9720,0,0,0,0,5363,2180,1583,449,0,0,2436,1331,27076,3563,3185,1596,68967,22515,0,1,0,0,1,0,581,1
285997,967991,1583986,22972,13100,4945,2480,26229,17305,0,0,10242,4804,22198,12282,10785,6135,26552,13438,8204,4107,78013,47915,9858,4962,219998,126528,2,1,0,0,1,0,615,0
128017,256034,1075343,7793,5379,0,0,29514,15116,0,0,0,0,10093,5205,1770,1195,0,0,4084,2044,69881,33552,4882,2458,128017,64949,0,1,1,0,1,0,575,1
328892,1465066,5501471,16701,10132,0,0,9778,4926,0,0,3216,1446,74781,38607,14270,7337,79932,40453,6712,3360,74298,39295,19305,9702,298993,155258,2,1,1,1,1,1,418,0
262560,989648,2181265,9299,3006,0,0,34995,17835,0,0,0,0,36755,18115,5531,1080,0,0,14223,6474,82483,14286,18683,9436,201969,70232,0,1,1,0,1,0,604,1
76170,662679,45702,2951,1492,0,0,8326,4212,0,0,661,337,10579,5685,12709,9363,0,0,456,228,36680,29873,3808,1908,76170,53098,1,1,0,0,1,0,587,0
0,4912,25545,0,0,0,0,0,0,0,0,0,0,1031,530,161,12,0,0,0,0,8134,944,499,252,9825,1738,0,1,0,0,1,0,534,0
40312,540181,32250,2293,1346,0,0,7261,4556,0,0,0,0,7686,4531,5962,2929,0,0,288,144,14338,9756,2484,1248,40312,24510,0,1,0,0,1,0,630,0
53869,244860,19589,1308,35,0,0,7334,3713,0,0,0,0,8011,3684,2522,442,15154,7669,396,198,10874,2897,3373,1697,48972,20335,0,1,0,0,1,0,677,0
44768,40698,773262,1456,985,8018,4033,3019,1527,0,0,1371,682,4992,2932,1034,724,0,0,0,0,19896,13786,912,459,40698,25128,2,1,0,0,1,0,453,1
11645,3494,22126,348,17,0,0,3271,1671,0,0,0,0,3499,1258,305,69,3225,1632,0,0,0,0,997,502,11645,5149,0,1,0,0,1,0,610,0
28413,207415,31254,742,156,0,0,3464,1784,0,0,0,0,4219,2179,1955,1477,7153,3620,176,96,9116,5363,1588,802,28413,15477,0,1,0,0,1,0,632,0
313577,313577,2651151,14869,9699,7641,3849,29218,14818,0,0,0,0,33349,18102,22688,17427,0,0,12683,6349,149348,101581,15274,7681,285070,179506,0,1,1,0,1,0,524,1
83816,963884,142487,1653,1248,0,0,8955,4545,0,0,0,0,11067,5717,9972,4037,18751,9490,492,246,28765,13774,4161,2093,83816,41150,0,1,0,1,1,0,628,0
22543,275025,22543,881,451,0,0,3260,1665,0,0,292,167,3967,2048,1838,929,0,0,165,90,10636,5263,1504,756,22543,11369,1,1,0,0,1,0,619,1
262629,675331,2626288,14543,5101,0,0,36513,23250,925,925,0,0,28783,14913,11391,4877,0,0,11575,5795,69962,27323,13900,6982,187592,89166,0,1,1,0,1,0,525,1
3908,2442,0,116,39,292,147,3853,1968,0,0,0,0,624,322,0,0,0,0,0,0,0,0,0,0,4885,2476,0,0,0,0,1,0,692,0
125575,75345,150690,14877,9903,6631,3333,20363,10276,0,0,0,0,7623,4296,3210,2037,0,0,2074,693,67464,43495,3333,1670,125575,75703,0,1,0,0,1,0,617,0
70447,28179,317012,3452,366,6231,3148,22720,13595,0,0,0,0,5313,2189,1258,519,0,0,2590,1296,25780,3198,3103,1557,70447,25868,0,1,0,0,1,0,611,0
223930,2216907,738969,8999,1731,33333,16813,11947,7540,0,0,2989,1645,68922,35532,10564,2241,0,0,6768,3696,62695,30131,17713,8871,223930,108200,2,1,0,0,1,1,637,0
12024,1718,0,101,53,0,0,4961,2557,0,0,0,0,792,407,0,0,0,0,0,0,11323,6114,0,0,17177,9131,0,0,0,0,1,0,651,0
54779,59759,453171,2501,0,0,0,7557,3848,0,0,0,0,2811,1563,1591,1152,7163,3625,951,521,25976,18731,1249,627,49799,30067,0,1,0,0,1,0,548,0
414920,1357920,2414080,33407,23191,7557,3791,28910,14813,0,0,16109,8496,42176,27011,26977,17927,0,0,12612,6314,194290,158046,15162,7624,377200,267213,2,1,1,0,1,0,538,0
46106,466184,81966,2056,1088,0,0,7358,3768,0,0,553,323,9096,4710,6330,3132,0,0,374,204,22017,11711,3445,1719,51229,26655,1,1,0,0,1,0,605,0
33183,302334,47931,1685,669,0,0,7794,3956,21,0,0,0,10226,5644,13172,8152,0,0,385,175,0,0,3587,1799,36870,20395,0,1,0,0,1,0,601,0
93716,144833,707127,12167,4173,8024,4032,24269,12370,0,0,0,0,8303,4273,2393,500,22994,11637,3053,1668,0,0,3993,2010,85196,40663,0,1,1,1,1,0,579,0
144998,474538,1647700,6603,2679,0,0,15104,7709,0,0,6943,3049,16163,8352,8066,2737,21025,10642,5414,2710,44681,21529,7817,3923,131816,63330,2,1,0,1,1,0,532,0
144329,278348,1154630,1727,901,2771,1401,10553,5376,0,0,5075,2581,11536,5952,4158,1387,14995,7588,4634,2320,42057,22173,5586,2806,103092,52485,2,1,0,0,1,0,544,0
275239,550477,613994,12273,1727,0,0,38466,19768,0,0,0,0,36607,16300,7202,224,0,0,16933,8477,79811,18512,20430,10316,211722,75324,0,1,0,0,1,0,708,0
202452,364414,1376674,6576,4101,3849,1929,20890,13754,0,0,7430,4035,17943,10258,5244,4387,0,0,6401,3205,58947,35377,7688,3857,134968,80903,2,1,1,0,1,0,527,1
32929,256116,43906,1127,250,0,0,9391,6145,0,0,612,354,7557,3581,3462,1578,0,0,341,155,11018,1894,3080,1553,36588,15510,1,1,0,0,1,0,613,0
161773,517674,2782496,3716,2533,0,0,10547,7015,0,0,0,0,55654,28867,12124,7004,59371,30048,5982,2995,0,0,14379,7184,161773,85646,0,1,1,1,1,1,520,0
155917,389793,441765,12239,4828,7367,3710,28265,14419,0,0,16830,8355,30683,15845,8504,5051,0,0,11269,6154,0,0,14774,7395,129931,65757,2,1,0,0,1,0,620,0
19290,196403,17536,929,360,0,0,3314,1693,0,0,0,0,4431,2487,997,547,0,0,165,90,6187,2627,1513,761,17536,8565,0,1,0,0,1,0,637,1
36886,194491,26826,632,235,0,0,6559,4328,0,0,0,0,5536,2869,2457,661,0,0,229,105,16054,8476,2066,1033,33533,17707,0,1,0,0,1,0,593,0
244600,838627,1118170,14348,8273,3686,1851,14161,7202,0,0,0,0,19985,12651,6467,4733,19798,10020,5610,3063,83331,56984,7328,3671,174714,108448,0,1,0,1,1,0,568,1
286547,651242,2474722,13828,8918,36836,18502,9871,5022,0,0,3440,1713,75757,39017,11985,4653,80974,40981,8158,4084,0,0,19648,9863,260497,132753,2,1,1,1,1,1,585,0
418922,1256767,2481310,20103,11710,0,0,31539,16219,0,0,0,0,39678,22739,11563,7533,45512,23033,14064,7041,142984,92427,16805,8438,322248,189140,0,1,1,1,1,0,684,0
200078,100039,720281,29960,20177,0,0,29332,15005,0,0,0,0,10240,5387,6501,3165,27832,14086,3695,1682,87674,58612,4844,2437,200078,120551,0,1,0,0,1,0,621,1
0,5506,3028,0,0,0,0,0,0,0,0,0,0,992,570,155,105,1188,601,0,0,0,0,418,208,2753,1484,0,1,0,0,1,0,546,0
81816,275199,855347,2994,1568,10556,5314,2809,1415,786,206,822,335,21798,11255,3397,2052,23246,11766,2342,1172,0,0,5628,2823,74378,37906,1,1,1,0,1,1,532,0
9825,1228,0,88,7,392,197,7045,4506,0,0,0,0,705,319,0,0,0,0,0,0,4051,516,0,0,12281,5545,0,0,0,0,1,0,669,0
210482,325290,918466,11556,705,0,0,32398,20692,0,0,0,0,24903,12051,8686,5671,34610,17516,10695,5354,55651,24834,12848,6413,191347,93236,0,1,1,0,1,0,640,0
0,33000,41250,0,0,0,0,0,0,0,0,206,112,460,253,151,112,0,0,0,0,6467,4363,216,108,7500,4948,1,1,0,0,1,0,586,0
183004,750316,2488854,5506,505,36724,18364,13353,8497,0,0,0,0,59170,22600,10431,3086,0,0,8114,4062,30177,887,19529,9846,183004,67847,0,1,1,0,1,1,558,0
22986,360114,48526,1450,1018,0,0,3019,1801,0,0,0,0,3641,2171,2125,1444,0,0,132,66,14025,11289,1148,576,25540,18365,0,1,0,0,1,0,554,0
22231,244541,37793,1342,990,0,0,2069,1046,0,0,0,0,3115,1888,2498,2498,0,0,108,54,12149,8756,950,478,22231,15710,0,1,0,0,1,0,616,1
246648,756387,493296,6309,4792,4567,2290,17395,8877,0,0,0,0,18805,9699,6238,3101,24517,12408,6943,3160,70565,36785,9093,4559,164432,85671,0,1,0,1,1,0,623,0
276482,1543693,23040,11165,6595,34084,17077,12021,7519,0,0,2881,1753,70272,36432,10853,6559,0,0,7538,3774,63455,30709,18133,9105,230402,119523,2,1,0,0,1,1,670,0
265243,682052,1989320,17317,7478,0,0,27953,14284,0,0,0,0,30161,15599,9804,3383,0,0,12153,6084,77471,49998,14600,7381,189459,104207,0,1,0,0,1,0,552,0
16232,3246,412293,267,186,4237,2127,1612,810,0,0,0,0,2249,1161,409,177,1568,794,0,0,5405,2114,485,245,16232,7614,0,1,1,0,1,0,396,1
134648,220333,514109,9141,2139,6955,3490,24801,14397,0,0,12297,6703,6652,3140,999,184,20032,10138,2901,1452,35149,18036,3480,1736,122407,61415,2,1,0,0,1,0,595,0
53570,487487,74998,1327,779,0,0,6012,3071,0,0,0,0,7308,3772,5889,1703,12395,6273,324,162,17568,11061,2747,1376,53570,28197,0,1,0,0,1,0,613,0
370505,598508,912013,12821,6450,9077,4574,34976,17984,0,0,15824,7196,37563,19487,13038,4421,49078,24838,15165,7593,79103,47239,18359,9232,285004,149014,2,1,1,1,1,0,676,0
21822,216038,28369,459,99,0,0,4214,2119,0,0,0,0,3914,1431,2397,159,8706,4407,209,114,0,0,1923,963,21822,9292,0,1,0,0,1,0,634,0
4134,591,0,37,28,136,67,1701,868,0,0,0,0,253,123,0,0,0,0,0,0,3779,1988,0,0,5906,3074,0,0,0,0,1,0,678,0
0,2910,4802,0,0,0,0,0,0,0,0,0,0,463,241,124,70,640,324,0,0,0,0,228,114,1455,749,0,1,0,0,1,0,502,0
148708,1382984,2676744,7797,5796,0,0,6231,3169,0,0,1534,886,56829,33840,12202,7846,0,0,4240,2123,47623,29185,12252,6161,148708,89006,2,1,1,0,1,1,484,0
16708,148512,18564,373,85,0,0,4506,2931,0,0,230,131,4462,2513,1063,150,0,0,150,75,6264,863,1516,763,18564,7511,1,1,0,0,1,0,611,0
318618,568960,1957222,6017,2689,10096,5096,38289,19515,0,0,0,0,36330,16082,16769,7332,0,0,13993,8404,85909,37714,20181,10153,227584,106985,0,1,1,0,1,0,640,0
18226,0,553603,608,103,0,0,3273,1659,0,0,0,0,4467,2213,536,70,3230,1635,0,0,9664,1511,1004,504,22782,7695,0,1,0,0,0,0,388,0
45113,31579,428574,4708,2355,2252,1133,6768,3491,0,0,0,0,2490,1372,382,246,6441,3260,936,468,20012,13186,1124,564,45113,26075,0,1,0,0,1,0,527,0
171188,295688,373500,18169,10942,0,0,30357,15221,0,0,0,0,10202,5267,2878,1237,28258,14301,4093,2049,56732,33208,4936,2479,155625,84704,0,1,0,0,1,0,631,0
45142,45142,126398,5145,2298,5786,2912,20652,12134,334,334,0,0,5403,2506,2746,1005,0,0,2202,1202,0,0,2874,1447,45142,23838,0,1,0,0,1,0,608,0
350734,1052201,2555345,11669,5057,0,0,52924,34939,0,0,0,0,34711,15140,11095,0,0,0,16265,8143,104306,33408,19554,9815,250524,106502,0,1,1,0,1,0,633,0
89368,121866,308727,8328,4134,0,0,22986,15220,0,0,0,0,5491,2831,2216,656,0,0,2030,925,37521,18260,2672,1341,81244,43367,0,1,0,0,1,0,609,1
238986,614534,597464,23287,20104,9269,4669,50281,33128,0,0,0,0,40782,22346,13307,6649,0,0,15353,7686,0,0,18425,9279,170704,103861,0,1,1,0,1,0,588,0
9172,3669,76128,224,1,0,0,2274,1133,235,143,823,510,2460,966,333,16,2158,1092,0,0,0,0,665,334,9172,4195,1,1,0,0,1,0,566,0
261190,478848,2851320,11197,4214,31494,15831,8444,4310,0,0,0,0,76404,44805,10524,2573,0,0,5819,2913,56951,32176,16825,8465,217658,115287,0,1,1,0,1,1,578,0
34436,438270,59480,2174,1566,0,0,9399,6045,0,0,544,283,8214,4255,7562,3829,0,0,341,186,0,0,3071,1546,31305,17710,1,1,0,0,1,0,596,0
60299,32890,405646,4216,2025,4363,2190,13331,6761,0,0,7452,3360,4206,2023,1135,375,0,0,1661,906,16278,5675,2175,1089,54817,24404,2,1,0,0,1,0,593,0
39822,50683,242553,3015,0,2391,1207,7175,3608,148,0,4475,2190,1989,792,332,49,6854,3469,830,332,7797,576,1196,602,36202,12825,2,1,0,0,1,0,582,0
68418,373188,74638,883,227,0,0,9763,6063,0,0,669,380,7621,3194,4625,1610,15565,7878,374,170,19240,8852,3458,1740,62198,30114,1,1,0,0,1,0,630,0
127823,660418,1661696,4186,682,19910,10005,5327,2690,0,0,0,0,36081,16148,5415,381,0,0,3668,1469,21383,2350,10549,5297,106519,39022,0,1,1,0,1,1,561,1
188749,283124,1453367,19796,8980,8556,4309,26477,13439,222,0,12863,6483,10067,5806,2906,1390,24464,12382,3544,1774,75582,50393,4272,2142,188749,107098,2,1,1,0,1,0,545,0
165661,90361,707825,8694,4333,0,0,36363,23225,0,0,0,0,8805,4536,3141,2635,24580,12440,3263,1485,61460,30037,4295,2147,150601,80838,0,1,0,0,1,0,613,0
167939,251908,1735368,5049,2167,0,0,31970,23988,0,0,9273,4764,17643,8841,4293,1098,23700,11994,7323,3666,31896,4938,8802,4418,139949,65874,2,1,1,0,1,0,500,1
428459,1285376,2882359,36862,33748,0,0,36959,18973,0,0,0,0,42728,23695,13430,11319,51486,26057,15910,7965,172948,101899,19185,9669,389508,233325,0,1,0,1,1,0,578,0
15881,11117,123872,815,286,6830,3422,3234,1988,0,0,706,267,3255,1509,258,48,0,0,0,0,0,0,783,395,15881,7915,1,1,0,0,1,0,522,0
282341,927691,2399897,8560,3593,0,0,29174,14803,0,0,16109,8171,27705,12376,10040,1074,0,0,11697,5324,83039,36608,15348,7705,201672,89654,2,1,1,0,1,0,609,0
47193,61351,193491,7712,2050,3752,1889,11733,5951,0,0,0,0,3548,1663,732,482,0,0,1565,785,16266,7269,1885,946,47193,21035,0,1,0,0,1,0,628,0
29826,414581,0,460,162,0,0,3392,1739,0,0,0,0,4156,2143,3863,1962,7061,3574,169,79,9162,5349,1563,780,29826,15788,0,0,0,0,1,0,658,0
11170,1396,26528,539,128,0,0,2303,1493,0,0,681,401,1894,774,470,181,1598,809,0,0,5986,2607,491,245,13962,6638,1,1,0,0,1,0,587,1
382228,682550,1501610,16814,9356,0,0,26973,13818,0,0,0,0,33334,18795,11026,7662,39001,19738,12051,6033,119269,85005,14552,7297,273020,167704,0,1,0,1,1,0,643,0
74577,522039,149154,6070,4580,0,0,8766,4468,0,0,0,0,11959,6814,7481,6272,0,0,480,240,35786,25745,4035,2019,74577,50138,0,1,0,0,1,0,584,1
502583,963284,1088929,24957,22274,0,0,30553,15611,0,0,15137,8369,40654,24644,19776,17874,43008,21767,12181,5545,216557,158788,15996,8057,418819,282929,2,1,0,1,1,0,603,1
113615,605946,1126680,2264,1055,0,0,5055,3260,0,0,0,0,23497,9919,2979,1155,29894,15128,2761,1507,21001,7968,7228,3634,94679,43626,0,1,0,1,1,1,554,0
82531,103164,646494,8676,4473,3150,1583,12055,6155,0,0,0,0,13038,6715,3748,1546,16994,8601,4814,2191,0,0,6301,3163,68776,34427,0,1,0,1,1,0,571,0
50908,576953,16969,446,123,0,0,7219,3662,0,0,702,332,10038,5777,6253,1207,15023,7604,396,198,13165,1040,3322,1674,56564,21617,1,1,0,0,1,0,642,0
320994,770386,1562171,15414,2123,0,0,38623,19557,0,0,16134,9104,31922,11772,10679,1072,0,0,15393,8407,65680,17334,20151,10126,213996,79495,2,1,1,0,1,0,573,1
0,24686,44884,0,0,0,0,0,0,0,0,640,328,856,411,123,70,0,0,0,0,9161,4948,441,222,11221,5979,1,1,0,0,1,0,540,1
137509,206264,206264,15661,10865,6450,3231,19782,10127,0,0,0,0,7331,4118,2569,1440,18528,9377,2683,1344,61274,41403,3231,1618,137509,83523,0,1,0,0,1,0,639,1
215612,842847,1332875,9796,5105,0,0,26816,13671,0,0,15927,8166,31482,17238,8473,0,0,0,10814,5905,78501,44155,14202,7110,196011,101350,2,1,0,0,1,0,632,1
39989,383894,11997,1008,616,0,0,4490,2292,0,0,341,146,5382,2778,5613,1873,9167,4640,200,100,11756,6916,2032,1023,39989,20384,1,1,0,0,1,0,630,0
71471,903139,110456,4582,3243,0,0,7516,3791,0,0,0,0,11395,6966,7775,4660,0,0,408,204,29859,19509,3439,1720,64974,40093,0,1,0,0,1,0,608,1
270296,602968,2099992,15722,8325,5710,2865,21804,11117,0,0,10098,4007,23730,12260,13551,8040,30768,15571,8714,4759,66433,31239,11390,5726,207920,103909,2,1,1,1,1,0,603,0
95836,139398,270084,13635,11447,4383,2204,13295,6749,0,0,5997,3992,5423,3225,1963,1429,0,0,1824,912,38406,22708,2198,1111,87124,53777,2,1,0,0,1,0,587,0
30593,397706,40790,1656,581,0,0,6025,3060,0,0,585,299,7382,3815,2671,951,12562,6357,336,168,0,0,2775,1385,33992,16616,1,1,0,0,1,0,638,0
122999,209098,725694,20225,14645,7416,3741,30702,19573,0,0,0,0,8991,5283,3188,1845,0,0,3069,1536,45711,23339,3697,1858,122999,71820,0,1,1,0,1,0,573,1
180627,614132,180627,6134,2765,25034,12568,6679,3359,0,0,2304,1305,57084,31986,9227,4457,0,0,5555,2781,55240,30970,13370,6718,180627,96909,2,1,0,0,1,1,613,0
64872,84334,382745,8913,1908,0,0,21354,10854,399,0,0,0,6483,2972,1073,242,20208,10227,2926,1464,0,0,3516,1759,64872,29426,0,1,0,1,1,0,609,0
257658,772974,2104207,12826,3536,9508,4823,36459,18554,0,0,20470,10822,39097,20143,11734,7287,51131,25878,14483,6593,0,0,19007,9535,214715,107171,2,1,1,1,1,0,578,0
461420,1417220,3229943,16469,9897,9838,4956,37452,18892,0,0,19824,11107,40620,20978,18675,9447,52912,26779,12267,6822,101862,53231,19667,9823,329586,171932,2,1,1,1,1,0,740,0
26607,16932,616794,741,268,0,0,3982,2537,0,0,0,0,3963,1951,512,404,0,0,0,0,14095,9307,895,448,24188,14915,0,1,0,0,1,0,386,1
32597,420803,20744,1829,808,0,0,4661,2366,0,0,387,160,6579,3819,4079,2148,9697,4908,252,126,0,0,2150,1076,29634,15411,1,1,0,1,1,0,622,0
86634,196895,212647,2559,504,0,0,3274,1669,0,0,813,441,22382,10527,2607,371,26128,13223,2633,1319,12023,4467,6339,3193,78758,35714,1,1,0,0,1,1,635,1
2657,1860,69613,180,135,0,0,849,422,0,0,0,0,1214,625,150,92,0,0,0,0,0,0,264,132,2657,1406,0,1,0,0,1,0,409,1
189395,206612,671490,16742,5005,9353,4702,28487,14402,0,0,17294,8542,8315,3646,3014,1325,26779,13552,3879,1942,53665,26008,4649,2334,172177,81458,2,1,0,0,1,0,633,0
7700,1711,0,101,34,0,0,3239,1663,0,0,0,0,483,254,0,0,0,0,0,0,4732,2488,0,0,8555,4439,0,0,0,0,1,0,627,1
34093,288244,58889,1407,600,0,0,6109,3092,0,0,0,0,8075,4421,2397,677,0,0,336,168,9845,1307,2825,1417,30994,11682,0,1,0,0,1,0,619,1
110432,143562,773024,14648,9924,0,0,18895,9829,0,0,0,0,6829,3703,5025,3512,17990,9104,2606,1304,41302,22331,3137,1575,110432,61282,0,1,0,0,1,0,580,0
120396,953135,1956435,1968,490,0,0,4552,2316,202,0,0,0,32349,15594,2420,435,36883,18666,3715,1860,9232,1294,9009,4550,100330,45205,0,1,0,1,1,1,494,1
398023,995058,2089622,22288,13144,0,0,40610,23272,0,0,0,0,38561,19765,15914,9199,50270,25442,14238,6480,131146,74809,18659,9372,331686,181483,0,1,1,0,1,0,657,0
149199,287742,1257538,8744,2099,0,0,26681,13318,0,0,16073,8228,23899,9979,9403,4350,0,0,7766,3888,0,0,14005,7053,106571,48915,2,1,0,0,1,0,557,1
237213,927286,2609341,3879,737,0,0,50044,32811,0,0,15213,6835,34197,15675,8391,1786,0,0,14113,7707,71332,4366,18479,9244,215648,79161,2,1,1,0,1,0,505,1
140835,380254,1816772,16362,10181,0,0,13672,9031,0,0,0,0,73754,38189,10846,6342,0,0,7237,3952,0,0,18964,9535,140835,77230,0,1,1,0,1,1,506,1
0,28347,91655,0,0,0,0,0,0,0,0,0,0,620,323,88,53,848,429,0,0,7603,4005,290,145,9449,4955,0,1,0,0,1,0,659,0
299319,680270,2013599,14663,11213,38229,19327,10281,5181,0,0,0,0,83699,45715,22609,13027,0,0,6345,4233,75881,45496,20401,10228,272108,154420,0,1,0,0,1,1,624,0
31687,389750,63374,1096,90,0,0,5917,2981,0,0,0,0,6971,3495,3706,362,0,0,297,135,10991,2771,2709,1364,31687,11198,0,1,0,0,1,0,644,0
172144,1047207,2209176,3504,69,19467,9792,5227,2660,0,0,0,0,37556,18137,5418,1731,42735,21628,3947,1797,15252,2705,10347,5228,143453,63747,0,1,1,1,1,1,574,0
16112,152329,5859,185,185,0,0,2832,1850,0,0,184,98,2424,1252,1725,576,0,0,99,45,6289,3548,909,456,14647,8010,1,1,0,0,1,0,607,0
59514,136882,482063,1035,123,10909,5471,2941,1504,0,0,940,520,19359,8412,3044,1764,0,0,2422,1212,13032,2397,5832,2939,59514,24342,1,1,0,0,1,1,561,0
149971,1172498,2399531,1978,322,0,0,5194,2675,0,0,1734,912,34814,15369,7513,2581,42658,21589,3941,1794,28167,12334,10338,5190,136337,62766,2,1,1,1,1,1,473,0
14241,145572,3165,193,106,0,0,2080,1036,0,0,0,0,2571,1328,1183,296,4369,2211,110,50,4346,2005,971,488,15823,7520,0,1,0,0,1,0,624,0
208733,1878594,891858,10073,5143,0,0,9720,4917,0,0,3566,1856,74025,38294,16220,9216,0,0,7301,3987,49669,26326,19183,9617,189757,99356,2,1,0,0,1,1,622,0
158905,1184564,1242347,4247,777,0,0,6950,3505,0,0,2385,1298,50512,24660,4654,1352,56692,28693,5237,2860,0,0,13782,6889,144459,70034,2,1,1,1,1,1,552,1
140301,739767,2270319,2620,0,15290,7696,4147,2110,0,0,1309,802,31543,16312,3868,993,33603,17007,3387,1695,23635,11331,8144,4090,127546,62036,2,1,0,1,1,1,483,1
473959,1218751,1354168,17454,7279,0,0,47750,28864,0,0,0,0,41416,21405,9576,2421,53912,27284,16658,8339,131793,71554,19983,10010,338542,177156,0,1,0,1,1,0,800,0
171756,31228,655796,9173,4707,0,0,27475,14061,977,791,15478,8936,9287,4822,1598,1068,25762,13038,3732,1868,58162,30359,4498,2254,156142,81904,2,1,1,0,1,0,582,1
445075,1051996,3439219,26489,13378,9911,4978,55831,37044,0,0,21462,11105,45203,25329,10470,5691,53188,26918,15068,8228,147255,100108,19737,9889,404614,242668,2,1,1,1,1,0,453,1
170819,931740,1133617,6943,1458,0,0,8362,4309,0,0,0,0,58953,27296,9975,3976,0,0,6438,2931,47740,17071,16879,8499,155290,65540,0,1,0,0,1,1,628,0
139858,301232,892939,9644,9644,0,0,20956,10625,0,0,0,0,22573,11639,5157,2628,29297,14827,9054,4533,0,0,10902,5457,107583,59353,0,1,0,1,1,0,597,0
81404,88805,680837,5400,1936,0,0,28839,18396,0,0,0,0,7033,3590,1737,502,0,0,2890,1446,24625,3859,3480,1741,74004,31470,0,1,0,0,1,0,589,1
77892,1107802,77892,1240,429,0,0,9272,4765,0,0,799,467,11488,5915,6394,3676,19476,9857,516,258,33052,17653,4310,2170,86547,45190,1,1,0,0,1,0,630,0
89013,80112,854525,8615,4043,0,0,13534,6937,0,0,0,0,4857,2634,1860,799,12766,6461,1694,770,43467,27352,2220,1117,89013,50113,0,1,1,0,1,0,550,1
0,60809,109098,0,0,0,0,0,0,0,0,0,0,1243,730,167,137,1476,747,0,0,14485,8329,514,259,17885,10202,0,1,0,0,1,0,513,1
163896,506586,1385663,8069,6018,15329,7726,4125,2096,0,0,1242,662,32829,17467,10285,6381,33926,17170,3133,1711,31814,19614,8244,4155,148996,83000,2,1,1,1,1,1,549,1
357293,1126848,1841435,18528,9519,0,0,34441,17563,0,0,0,0,37407,19259,10992,10992,48678,24636,15042,7530,91618,37451,18135,9157,274841,136107,0,1,1,0,1,0,638,1
58387,834934,87580,785,406,0,0,8948,4608,0,0,0,0,11058,5706,8959,5460,0,0,492,246,23997,14051,4148,2089,58387,32566,0,1,0,0,1,0,613,0
0,7986,41261,0,0,0,0,0,0,14,0,0,0,989,600,123,56,0,0,0,0,11787,7088,397,202,13310,7946,0,1,0,0,1,0,560,0
159668,1204770,87092,4730,1537,17872,9015,4827,2459,0,0,0,0,31401,13609,5767,1233,39208,19843,3622,1978,28197,13873,9529,4775,145153,68322,0,1,0,1,1,1,664,0
10600,2120,217300,334,84,0,0,1672,850,109,65,0,0,2157,1016,230,55,0,0,0,0,5589,1402,509,257,10600,3729,0,1,1,0,1,0,485,1
169253,278058,1402382,10083,4502,0,0,22816,15100,0,0,0,0,16748,8686,5787,2924,0,0,6178,2812,51201,21927,8082,4059,120895,60010,0,1,1,0,1,0,565,0
320497,1228573,908075,18619,5221,0,0,49642,30953,0,0,0,0,38884,18646,15450,5777,0,0,15401,7009,109005,36258,20080,10010,267081,113874,0,1,0,0,1,0,699,0
175426,593749,1376419,7539,1301,4690,2356,17682,8927,1282,989,10543,5219,16711,7335,8090,4641,0,0,7133,3247,51916,23683,9357,4700,134943,62398,2,1,1,0,1,0,566,0
171333,331244,228444,3732,1185,3861,1936,32277,25030,0,0,0,0,15147,7408,2941,226,20757,10506,5882,3212,21888,3386,7737,3878,114222,56767,0,1,0,0,1,0,608,0
98229,392916,1241256,17615,11938,4387,2203,16728,8453,0,0,7300,5041,20231,11458,6994,3951,0,0,7293,3651,0,0,8751,4392,89299,51087,2,1,0,0,1,0,517,1
69502,158861,253184,6847,1470,0,0,15732,9730,0,0,0,0,11150,4871,4367,2126,0,0,5249,2628,0,0,6299,3151,49644,23976,0,1,0,0,1,0,621,0
249476,409853,1283018,17313,10441,0,0,39314,19897,0,0,22099,11435,42195,21814,21217,7108,0,0,15593,8515,0,0,20466,10302,178197,89512,2,1,1,0,1,0,606,0
68906,218204,562736,3875,252,3612,1821,13765,6922,0,0,6397,3567,13466,6244,4044,1471,0,0,5008,3008,0,0,7255,3647,57422,26932,2,1,1,0,1,0,541,0
126790,369803,1215067,8313,1156,4359,2178,16217,8241,0,0,0,0,14884,6196,8582,3513,0,0,6613,3010,38039,16492,8651,4326,105658,45112,0,1,0,0,1,0,581,0
174554,1221878,2059737,10928,7535,25601,12867,6823,3443,0,0,0,0,54798,29042,13274,9908,0,0,5689,2848,43760,31216,13681,6860,174554,103719,0,1,1,0,1,1,540,1
105049,183836,595279,8766,5112,0,0,12761,7727,0,0,6156,3153,11381,5860,3270,1984,0,0,4197,2292,35493,18676,5517,2781,87541,47585,2,1,0,0,1,0,545,0
0,57923,57923,0,0,0,0,0,0,0,0,530,271,876,452,182,135,0,0,0,0,13223,6912,432,218,15243,7988,1,1,0,0,1,0,576,0
95946,759572,239865,3045,896,16193,8173,4357,2237,292,0,0,0,37027,20923,6825,3796,0,0,3588,1796,0,0,8628,4332,79955,42153,0,1,0,0,1,1,623,0
83162,198310,806035,4056,582,0,0,12933,6526,0,0,0,0,11984,5069,1013,205,0,0,5260,2394,21815,1319,6910,3461,63971,19556,0,1,0,0,1,0,573,0
11717,1674,0,245,141,0,0,5073,2603,0,0,0,0,794,409,0,0,0,0,0,0,10626,7038,0,0,16738,10191,0,0,0,0,1,0,606,0
62883,597388,94324,2414,1255,0,0,9136,5954,0,0,496,314,8005,4109,6474,3752,13567,6866,330,180,19430,10379,3031,1526,62883,34335,1,1,0,0,1,0,583,0
137264,846464,1967456,5460,2785,0,0,7724,5034,0,0,0,0,40976,21183,8756,2537,0,0,4032,1835,36855,17652,10584,5321,114387,56347,0,1,1,0,1,1,506,0
351377,849161,4743587,7417,4758,28605,14373,7685,3933,0,0,2459,1410,73706,45247,15634,10129,62691,31728,5790,2636,73691,45754,15136,7598,292814,167566,2,1,1,1,1,1,510,0
215980,701934,1187888,15861,11897,0,0,29523,18570,0,0,0,0,28432,16709,12081,9323,0,0,8941,4070,73380,44719,11765,5921,179983,111209,0,1,0,0,1,0,561,1
25623,19929,606411,1056,234,0,0,3214,1647,0,0,0,0,4936,2716,856,417,0,0,0,0,17428,10651,980,492,28470,16157,0,1,0,0,1,0,435,1
8352,4772,0,96,7,440,220,5749,2948,0,0,0,0,932,491,0,0,0,0,0,0,4714,697,0,0,11931,4363,0,0,0,0,1,0,638,1
97109,135953,699185,5192,1179,8166,4104,24485,12382,0,0,0,0,8277,4217,1468,505,0,0,3087,1686,42357,13223,4077,2048,97109,39344,0,1,0,0,1,0,600,0
311658,779145,4581373,9534,4877,35598,17869,13300,8685,0,0,1993,860,73591,38035,7001,4719,78267,39611,6574,3948,66848,31863,18952,9587,311658,160054,2,1,1,1,1,1,477,1
18575,13509,55724,501,173,4163,2097,1586,797,0,0,637,353,2234,1151,285,118,0,0,0,0,7002,3731,478,240,16886,8660,1,1,0,0,1,0,634,1
48358,42985,1171336,1038,636,10670,5325,4636,2670,0,0,1470,796,6144,3394,1288,591,0,0,0,0,27267,18849,1218,611,53731,32872,2,1,0,0,1,0,343,1
22191,254192,14122,898,235,0,0,2506,1279,0,0,232,120,3557,2070,2456,1428,0,0,121,66,9249,6357,1155,579,20174,12134,1,1,0,0,1,0,642,0
45259,457116,58837,1540,810,0,0,5699,2848,0,0,0,0,6968,3606,4104,1674,11820,5982,286,130,12219,7308,2623,1322,45259,23680,0,1,0,0,1,0,646,0
19513,12417,342363,393,140,0,0,2552,1294,0,0,1000,491,3614,1864,365,190,0,0,0,0,9040,4859,775,387,17739,9225,1,1,0,0,1,0,512,1
181639,544916,1634749,10144,4351,6055,3043,22942,11697,0,0,0,0,24239,12159,3094,1653,0,0,10090,5051,41043,12511,12135,6069,129742,56534,0,1,1,0,1,0,616,0
410661,410661,2786626,12778,3187,9661,4835,36180,18311,998,998,20985,11029,44991,25753,11941,1027,0,0,13338,6676,123143,52849,19314,9755,293329,134420,2,1,1,0,1,0,544,1
178180,761315,1279658,9717,4553,23584,11855,6324,3201,0,0,0,0,48670,24980,7542,6066,0,0,5230,2618,48346,25765,12569,6322,161982,85360,0,1,1,0,1,1,598,0
0,24301,82450,0,0,0,0,0,0,0,0,0,0,735,267,89,6,1317,666,0,0,6078,551,460,232,8679,1722,0,1,0,0,1,0,588,1
6081,760,116295,243,34,0,0,1340,686,0,0,0,0,1544,619,238,89,0,0,0,0,3823,1617,413,208,7601,3253,0,1,0,0,1,0,486,1
92747,176219,500834,8748,3722,6942,3480,20992,10794,0,0,0,0,7172,3708,2780,1164,0,0,2405,1205,40226,23840,3482,1738,92747,49651,0,1,1,0,1,0,606,0
16800,4800,0,242,145,479,239,6403,3294,0,0,0,0,1174,695,0,0,0,0,0,0,15702,9069,0,0,24000,13442,0,0,0,0,1,0,639,0
288056,493810,946468,18176,9273,8834,4437,33736,17245,0,0,19640,10201,36708,18903,8504,4297,47697,24140,14738,7379,0,0,17721,8872,205754,104747,2,1,0,0,1,0,589,0
73051,504052,1198036,2534,1101,10749,5407,3815,2404,0,0,910,460,20376,9606,3348,1958,23604,11946,1982,992,0,0,5733,2881,73051,36755,1,1,1,0,1,1,498,0
0,42428,30760,0,0,0,0,0,0,0,0,0,0,608,345,147,113,780,394,0,0,8804,6891,268,135,10607,7878,0,1,0,0,1,0,499,0
213426,533565,1191628,11748,662,0,0,25611,13231,474,474,11187,4969,26897,13398,7184,716,36408,18426,10311,4693,34526,9965,13509,6773,177855,73307,2,1,1,1,1,0,600,1
30917,21642,534864,1157,860,0,0,3611,2231,36,36,1201,609,4335,2418,891,387,2759,1395,0,0,16072,9251,855,431,30917,17618,2,1,0,0,1,0,469,1
39344,34972,957358,750,128,11183,5622,4207,2149,0,0,1765,829,4864,2008,552,254,0,0,0,0,19119,8808,1275,643,43715,20441,2,1,0,0,1,0,371,1
126227,126227,830993,8637,5022,0,0,13377,6783,0,0,7706,3799,14505,7453,6888,4266,0,0,5841,2924,41186,24317,7049,3564,105189,58128,2,1,0,0,1,0,564,0
183006,211161,1998991,6791,1165,0,0,20748,10654,0,0,11681,6890,26645,15460,5933,2024,0,0,8492,3865,49337,9828,11147,5603,140774,55489,2,1,1,0,1,0,552,0
49678,94388,64581,2551,518,0,0,17080,11064,0,0,0,0,3652,1668,1044,581,0,0,1515,828,21851,12033,1985,990,49678,27682,0,1,0,0,1,0,618,0
0,19808,49521,0,0,0,0,0,0,0,0,229,108,420,222,57,23,0,0,0,0,4932,3108,188,94,5826,3555,1,1,0,0,1,0,531,0
263264,702038,658161,30806,21959,6526,3280,26679,14540,0,0,0,0,29993,16910,15595,10928,0,0,9069,3632,87627,47460,13092,6599,219387,125308,0,1,1,0,1,0,582,1
50580,13795,335669,1506,667,11076,5575,6976,4913,0,0,1555,586,5900,3040,1078,483,0,0,0,0,16618,7798,1273,635,45982,23697,2,1,0,0,1,0,538,0
44806,24440,232178,556,138,10712,5362,4041,2049,0,0,0,0,6238,3476,505,217,3965,2007,0,0,13482,3457,1234,620,40733,17326,0,1,0,0,1,0,622,0
84915,169830,246254,6253,1711,0,0,18792,9608,0,0,0,0,5068,2048,1698,981,17402,8808,2521,1261,30144,11752,3037,1526,84915,37695,0,1,0,0,1,0,644,0
70683,113093,332210,6092,2605,0,0,14224,7287,114,0,0,0,4827,2493,1401,853,13424,6794,1782,810,26469,15176,2350,1181,70683,37199,0,1,0,0,1,0,591,0
16383,14335,163832,1013,763,0,0,3082,1939,0,0,1053,552,4084,2466,664,490,0,0,0,0,9864,5904,719,360,20479,12474,2,1,0,0,1,0,462,0
5704,815,0,37,12,0,0,3145,2053,0,0,0,0,343,173,0,0,0,0,0,0,4623,2640,0,0,8148,4878,0,0,0,0,1,0,617,0
245854,770344,655612,11640,238,6807,3409,26034,13228,0,0,0,0,25886,12195,7623,4344,0,0,10361,5658,61977,21268,13575,6813,163903,67153,0,1,0,0,1,0,714,0
291949,604752,2043643,7817,756,0,0,27687,14210,0,0,16250,8544,27165,12469,8381,1431,39422,19952,12182,6098,55015,19583,14616,7345,208535,90388,2,1,1,1,1,0,622,0
146815,573912,787461,4827,344,0,0,24256,16296,0,0,8473,4652,16412,7667,4857,562,23498,11892,7263,3636,35196,9055,8686,4365,133468,58469,2,1,0,0,1,0,571,0
44184,614158,26510,1818,1162,0,0,4897,2461,0,0,441,243,6073,3143,3529,2136,10302,5214,230,92,14599,7716,2295,1159,44184,23326,1,1,0,0,1,0,642,0
0,16496,19795,0,0,0,0,0,0,0,0,0,0,768,320,124,16,1295,655,0,0,5607,1241,454,226,8248,2458,0,1,0,0,1,0,596,1
31453,182427,25162,2078,1099,0,0,7573,3825,68,35,0,0,9250,4771,8629,5442,0,0,381,210,0,0,3474,1754,31453,17136,0,1,0,0,1,0,608,0
120753,169054,362259,4598,182,8819,4419,26842,13789,0,0,0,0,7981,3530,2506,413,25359,12834,3674,1839,36580,4351,4394,2206,120753,43563,0,1,0,1,1,0,655,0
260417,725447,446429,19951,14367,0,0,23986,13545,0,0,0,0,25863,14751,10453,5258,0,0,6931,3855,87664,53648,11164,5621,186012,111045,0,1,0,0,1,0,592,0
87120,78408,383328,9970,701,0,0,18519,9375,0,0,0,0,5824,2793,1799,0,17426,8820,2524,1264,28010,6117,3048,1530,87120,30600,0,1,0,0,1,0,634,0
232690,182828,1562346,30776,10957,0,0,38107,19596,0,0,0,0,41065,21231,21209,9463,0,0,15153,8275,0,0,19897,10006,166207,79528,0,1,0,0,1,0,577,1
340500,425625,766125,23337,14319,8928,4465,42851,26283,451,0,0,0,42663,24726,19963,11487,0,0,14821,7420,112817,69750,17919,9014,283750,167464,0,1,0,0,1,0,710,0
137455,392728,756001,18661,9750,0,0,29289,19313,0,0,0,0,22672,11911,7890,6637,0,0,8920,4465,0,0,10750,5389,98182,57465,0,1,1,0,1,0,567,1
111944,89555,447776,9345,4327,0,0,20390,10455,0,0,0,0,7637,4315,1757,976,19057,9645,2760,1381,47668,27425,3330,1667,111944,60191,0,1,0,0,1,0,613,0
147249,187408,1392175,7081,4378,0,0,15249,7690,0,0,9222,4489,20095,12108,4288,1482,0,0,6071,3315,63904,44793,7953,3997,133863,82252,2,1,0,0,1,0,543,0
86868,78181,677570,15279,2776,0,0,30254,15643,0,0,17877,8570,11441,6418,3196,2018,0,0,3821,1739,0,0,5000,2513,86868,39677,2,1,0,0,1,0,564,0
257356,857852,793513,15089,1131,0,0,31896,16125,517,0,0,0,32547,15719,10887,5005,0,0,12713,6942,94163,33285,16651,8354,214463,86561,0,1,0,0,1,0,654,0
233050,563203,1301194,4303,2485,37863,19030,13532,8536,0,0,0,0,94250,56455,16492,6895,0,0,7682,3497,0,0,20086,10036,194208,106934,0,1,1,0,1,1,562,0
192324,288486,634669,23542,11470,0,0,24955,12864,0,0,15657,7872,10026,5929,5298,3368,23499,11892,3403,1704,81858,52406,4086,2048,192324,109553,2,1,1,0,1,0,602,1
191015,1007170,191015,10979,5061,26462,13311,7104,3593,0,0,0,0,54622,28221,9941,1672,0,0,5369,2932,45073,23877,14100,7058,173650,85725,0,1,0,0,1,1,686,0
153910,125926,699590,18863,8330,10251,5163,42305,26769,0,0,14872,7897,10568,5461,4302,1940,29377,14868,4255,2130,0,0,5125,2579,139918,75137,2,1,0,1,1,0,591,0
106933,194424,855466,11078,6751,0,0,17458,10814,0,0,0,0,5947,3712,3089,2280,0,0,1537,770,55881,40106,2222,1116,97212,65549,0,1,0,0,1,0,532,0
53054,299032,0,1591,712,0,0,7054,4620,0,0,447,227,6140,3181,5104,2285,10374,5250,276,138,14941,9340,2304,1154,48231,26907,1,0,0,0,1,0,604,0
50906,86540,330889,3930,90,5102,2561,15576,7931,0,0,0,0,5635,3110,1400,549,14599,7389,2114,1058,0,0,2550,1286,50906,23974,0,1,1,0,1,0,600,0
185365,320177,117960,26709,15109,0,0,41686,27933,0,0,0,0,9675,5002,2786,1130,26732,13529,3871,1938,52390,24583,4665,2336,168514,91560,0,1,0,1,1,0,635,0
159977,47993,399942,20506,10804,0,0,29935,15253,314,0,17059,8062,10118,5233,3531,1804,0,0,4077,2041,69536,39581,4901,2474,159977,85252,2,1,0,0,1,0,596,0
40828,648705,54437,732,74,0,0,7306,3722,0,0,556,336,7852,3612,57,57,14889,7536,396,198,10268,2347,3308,1653,45364,19535,1,1,0,0,1,0,636,1
230050,552121,1257609,5641,3369,7121,3569,27453,13957,0,0,0,0,28616,14318,5793,995,0,0,9900,4956,54575,37133,14268,7129,153367,85426,0,1,1,0,1,0,648,0
114715,57358,504746,12951,8278,0,0,26085,16457,0,0,0,0,7558,4369,5297,4163,0,0,2649,1326,56974,37696,3201,1611,114715,73900,0,1,0,0,1,0,570,1
293346,900992,3059182,19632,14948,7020,3526,26563,13449,0,0,0,0,28943,15020,10070,5105,0,0,10729,5860,92440,49438,14136,7130,209533,114476,0,1,1,0,1,0,621,0
316721,818195,2560160,11970,2998,0,0,34332,17635,0,0,17841,9886,35515,17507,6325,311,48538,24565,13750,6259,77557,12763,18106,9128,263934,101052,2,1,0,1,1,0,565,0
267668,2052124,3479689,13779,8995,0,0,14092,9384,0,0,0,0,84193,48245,15749,11247,0,0,6632,2657,69529,45651,19083,9544,223057,135723,0,1,1,0,1,1,489,0
0,6010,18814,0,0,0,0,0,0,0,0,0,0,705,228,78,0,1357,687,0,0,0,0,473,239,2613,1154,0,1,0,0,1,0,564,1
42272,295903,46115,1304,73,0,0,7415,3801,0,0,0,0,8434,4026,2269,1272,0,0,374,204,15187,2729,3446,1735,38429,13840,0,1,1,0,1,0,644,0
60213,876429,73593,2928,1961,0,0,10110,6470,0,0,0,0,10364,5964,8264,6182,15444,7816,408,204,15967,5535,3418,1726,66903,35858,0,1,0,0,1,0,630,1
52682,47414,52682,6604,4714,0,0,10819,7253,46,0,0,0,2584,1370,1268,839,6955,3520,1008,504,22181,14721,1217,609,52682,33530,0,1,0,0,1,0,591,0
66816,861926,93542,1799,1421,0,0,9150,4617,0,0,0,0,12176,6793,8165,5701,0,0,501,252,30824,20539,4201,2116,66816,41439,0,1,0,0,1,0,613,0
393495,2911863,1062436,23331,18243,37729,18962,10218,5234,0,0,0,0,91732,53787,23450,11541,83095,42054,8372,4191,95486,71077,20082,10140,393495,235229,0,1,0,1,1,1,684,0
78615,62892,110061,5912,2346,0,0,23931,13578,0,0,11716,5710,8023,4514,2793,1546,20089,10167,2668,1458,0,0,3483,1752,78615,41071,2,1,0,0,1,0,638,0
181636,339055,1695274,11446,1910,5680,2864,21832,11142,0,0,0,0,24778,13407,7429,843,30650,15512,7889,3160,0,0,11387,5724,121091,54562,0,1,0,0,1,0,596,0
298406,682070,2131470,16565,9571,6796,3406,25567,13118,0,0,0,0,28150,14558,12952,4950,36570,18508,11300,5657,61609,37525,13638,6841,213147,114134,0,1,0,1,1,0,552,1
16179,249880,32359,426,321,0,0,2380,1200,0,0,0,0,3239,1835,1024,355,0,0,121,66,9691,5711,1096,549,17977,10037,0,1,0,0,1,0,619,1
46475,655298,83655,1821,925,0,0,5168,2652,0,0,0,0,6356,3282,5698,3560,10785,5458,288,144,13968,8132,2391,1203,46475,25356,0,1,0,0,1,0,650,0
306207,437438,2427781,7514,7514,0,0,34158,22540,0,0,13557,6954,29535,17196,6864,5438,0,0,9415,5141,105346,60585,12330,6194,218719,131562,2,1,1,0,1,0,593,1
42440,360740,33952,1011,226,0,0,7749,5566,0,0,0,0,5454,2816,2525,1304,9251,4682,240,120,14153,6728,2057,1029,42440,22471,0,1,0,0,1,0,603,0
17783,247184,14226,608,49,0,0,2553,1305,0,0,0,0,2760,1260,424,75,5272,2668,132,60,4872,1374,1162,584,17783,7375,0,1,0,0,1,0,683,0
48536,281509,97072,1332,167,0,0,8838,4434,147,118,0,0,10844,5580,7420,1019,0,0,480,240,15411,10488,4064,2048,48536,24094,0,1,0,0,1,0,614,0
92257,661177,861067,2548,383,0,0,4498,2291,0,0,0,0,31025,14562,6129,1711,0,0,3653,1829,20211,6731,8817,4436,76881,31943,0,1,0,0,1,1,578,1
11371,91999,9303,562,139,0,0,2904,1700,0,0,204,112,3254,1827,2177,754,0,0,132,66,0,0,1104,554,10337,5152,1,1,0,0,1,0,673,0
230630,514483,1383782,8626,5292,0,0,27699,18184,0,0,0,0,20969,10841,9765,4908,27356,13845,7749,4232,65110,34072,10134,5069,177408,96443,0,1,0,0,1,0,627,0
97870,156593,861260,4931,714,3086,1549,15192,9475,0,0,0,0,12182,5996,1762,310,16723,8463,5168,2587,0,0,6203,3124,65247,32218,0,1,1,1,1,0,560,1
164658,120749,1284332,19797,13798,0,0,17512,8928,0,0,0,0,23643,14445,7956,4726,24701,12501,6998,3821,0,0,9165,4593,109772,62812,0,1,1,0,1,0,584,1
10604,5302,0,222,160,0,0,6048,3082,0,0,0,0,1071,600,0,0,0,0,0,0,10332,4954,0,0,17673,8796,0,0,0,0,1,0,660,0
251295,1325010,3655200,7305,4474,0,0,11457,7328,0,0,2693,1558,64911,33686,13426,5902,69116,34979,6382,2905,36475,16456,16685,8367,228450,115655,2,1,1,1,1,1,453,1
41076,362217,18671,2128,1464,0,0,4980,2558,0,0,0,0,7242,4274,3196,1868,0,0,253,138,17235,9137,2308,1158,37342,20597,0,1,0,0,1,0,640,0
76038,532266,83642,1891,1132,0,0,8226,4168,0,0,0,0,10216,5292,4863,3718,17239,8724,456,228,29317,15489,3830,1922,76038,40673,0,1,0,0,1,0,665,0
159746,261403,319493,18509,8911,9576,4823,29336,14785,0,0,0,0,9249,4436,3136,2531,0,0,3663,2000,66937,37518,4818,2409,145224,77413,0,1,0,0,1,0,637,0
188674,1021982,1871013,5382,666,21315,10678,5764,2905,0,0,1682,854,40256,18869,3836,1036,46999,23786,3946,1581,16670,3059,11378,5744,157228,69178,2,1,1,1,1,1,537,0
158055,244266,1350648,7859,2865,10119,5095,30364,15570,0,0,0,0,10418,5390,3033,1234,0,0,4211,2108,72611,41228,5071,2547,143686,76037,0,1,0,0,1,0,566,0
7587,3035,0,26,0,0,0,2684,1377,0,0,0,0,335,139,0,0,0,0,0,0,4542,2189,0,0,7587,3705,0,0,0,0,1,0,691,0
345362,518043,3379612,22163,9671,0,0,35303,18175,0,0,0,0,38116,19710,13330,9001,0,0,11506,5120,107765,63229,18504,9311,246687,134217,0,1,1,0,1,0,560,0
56657,442952,51506,1085,289,0,0,6273,3191,0,0,0,0,7618,3926,3517,1770,12920,6539,308,140,16915,11652,2870,1442,51506,28949,0,1,0,0,1,0,635,1
275408,1904908,4452436,7040,531,29543,14832,10465,6571,0,0,2183,1143,53170,23818,3362,1388,64954,32873,5452,2184,37626,9306,15712,7870,229507,100516,2,1,1,1,1,1,557,0
7532,1369,193770,103,0,0,0,980,496,0,0,0,0,1350,643,153,2,1003,508,0,0,2951,799,307,154,6847,2602,0,1,0,0,1,0,459,0
26625,18638,175725,4730,2757,0,0,7912,4019,0,0,0,0,3201,1909,927,464,7476,3783,1080,540,0,0,1299,653,26625,14125,0,1,0,0,1,0,571,1
119566,489132,1163047,6581,2085,4381,2196,24320,16077,0,0,0,0,14448,5685,5322,2207,0,0,6675,3645,38256,12465,8713,4377,108696,48737,0,1,0,0,1,0,557,0
21210,16968,2121,2546,422,0,0,6605,3383,0,0,0,0,2544,1463,601,212,0,0,825,450,6999,1796,1090,549,21210,8275,0,1,0,0,1,0,675,0
5010,5636,26300,548,215,0,0,1880,1245,0,0,0,0,1863,964,275,140,1295,655,0,0,0,0,401,201,6262,3420,0,1,0,0,1,0,528,0
67032,329065,1023758,3134,777,0,0,3724,1907,0,0,0,0,27774,14103,4276,1686,0,0,2790,1524,11941,3167,7299,3676,60938,26840,0,1,0,0,1,1,528,0
34923,22224,269858,4086,2191,2537,1276,7769,3919,0,0,0,0,2191,931,610,313,0,0,1056,528,12232,4509,1267,637,31748,14304,0,1,0,0,1,0,593,1
14812,171819,14812,735,19,0,0,2717,1382,0,0,238,133,2689,1070,1021,257,0,0,144,72,6007,1461,1261,634,14812,5028,1,1,0,0,1,0,637,1
168125,252187,1162863,18415,10821,7703,3880,29130,14697,0,0,15525,9192,31917,16440,9260,5517,0,0,12802,6409,0,0,15352,7718,140104,74674,2,1,0,0,1,0,575,0
195367,1758303,976835,8955,3005,0,0,12456,8090,0,0,0,0,67627,34777,10248,4408,71973,36425,6647,3630,0,0,17461,8749,195367,99084,0,1,0,1,1,1,615,0
15187,3037,0,135,19,0,0,7969,5231,0,0,0,0,800,367,0,0,0,0,0,0,6283,1439,0,0,15187,7056,0,0,0,0,1,0,659,0
219244,597939,478351,13868,4536,0,0,43351,25735,0,0,0,0,31746,12895,13509,9231,0,0,13007,5210,64952,29446,18880,9462,199313,96515,0,1,0,0,1,0,682,0
364432,1027036,2285984,1855,1855,35493,17874,20864,16197,0,0,3292,1605,83549,48109,15147,8330,77834,39392,7843,3927,66650,38259,18775,9494,331302,185042,2,1,1,1,1,1,597,0
362734,1352008,5968620,11208,8452,32321,16143,8714,4428,0,0,2114,1247,79825,47687,12203,7982,71037,35952,7158,3584,87960,62713,17218,8649,329758,196837,2,1,1,1,1,1,512,0
80896,145613,0,5065,173,6544,3286,25008,15133,0,0,0,0,5554,2283,2118,178,0,0,2493,1362,30833,7325,3281,1652,80896,31392,0,0,0,0,1,0,663,0
91298,100428,666475,13913,7545,5106,2568,15457,7895,0,0,0,0,5867,3352,2410,1497,14538,7359,1755,880,29724,14457,2528,1274,91298,46827,0,1,0,0,1,0,588,0
24650,290870,27115,368,26,0,0,5001,3095,0,0,343,158,4867,2530,2276,1697,0,0,198,108,9770,5470,1827,920,24650,14004,1,1,0,0,1,0,601,1
7087,4430,0,32,7,363,183,4856,2486,0,0,0,0,689,333,0,0,0,0,0,0,2919,464,0,0,8859,3473,0,0,0,0,1,0,681,0
201875,689739,1598176,10489,3336,0,0,28080,14298,0,0,15813,7880,26500,12009,5205,0,0,0,12130,6072,55457,9901,14555,7284,168229,60780,2,1,0,0,1,0,585,1
191298,1043442,1321693,2900,983,22005,11039,5933,3023,0,0,0,0,41728,19834,3035,246,48313,24451,4868,2437,33404,12037,11721,5863,173907,79913,0,1,0,1,1,1,591,0
0,43632,114534,0,0,0,0,0,0,0,0,0,0,904,468,80,0,0,0,0,0,16755,10441,441,221,18180,11130,0,1,0,0,1,0,480,0
180241,615824,1772372,11097,8908,6451,3227,24417,12224,0,0,10590,4795,27749,14860,11658,5639,34649,17536,10707,5360,0,0,12883,6487,150201,79036,2,1,0,1,1,0,530,0
176478,544140,1573596,8979,2435,9904,4991,45500,26889,0,0,0,0,37260,17418,10478,1624,0,0,15150,8272,0,0,19794,9976,147065,71605,0,1,0,0,1,0,558,1
388824,453628,2300542,33031,28308,7167,3601,27092,13794,0,0,0,0,40413,26115,20623,11806,38491,19480,11893,5954,131052,97590,14258,7210,324020,213858,0,1,0,0,1,0,543,0
10652,10652,314234,143,17,0,0,3520,2283,0,0,0,0,3297,1578,298,22,2476,1253,0,0,2814,727,767,389,13315,6269,0,1,0,0,1,0,339,1
169063,783839,1859697,17041,14437,30600,15421,8335,4274,329,329,2868,1598,65731,35422,5759,0,0,0,6777,3393,0,0,16254,8191,153694,83065,2,1,1,0,1,1,547,1
19722,1793,0,271,142,490,245,6532,3326,0,0,0,0,1014,526,0,0,0,0,0,0,9622,5060,0,0,17929,9299,0,0,0,0,1,0,615,0
298506,964404,711822,14001,3428,8032,4035,43451,28296,0,0,0,0,32220,16071,7725,1957,43468,21999,13432,6724,51127,12529,16164,8115,229620,103154,0,1,0,1,1,0,669,0
85809,288630,312032,969,969,13713,6891,3735,1891,0,0,1217,570,24665,10850,3919,2101,0,0,3053,1529,19356,8061,7381,3700,78008,36562,2,1,0,0,1,1,613,0
45835,9167,242926,5994,3593,3234,1627,9742,4977,0,0,0,0,3779,2175,1125,737,0,0,1344,672,18994,11160,1623,816,45835,25757,0,1,0,0,1,0,562,0
98937,89043,742028,9001,3881,5049,2534,20305,12688,0,0,9201,4928,5212,2683,2119,1215,14503,7341,2100,1050,28927,16976,2520,1263,98937,54559,2,1,0,0,1,0,538,1
69510,191152,254870,4808,935,0,0,11066,5663,0,0,0,0,12162,6275,3448,0,15713,7952,4856,2431,0,0,5872,2949,57925,26205,0,1,0,0,1,0,626,1
102302,102302,235295,17660,13201,9003,4533,27338,14038,0,0,0,0,10817,6284,3299,2230,25916,13116,3754,1879,0,0,4515,2274,102302,57555,0,1,0,0,1,0,623,0
42927,17171,21464,10360,6830,4842,2439,14652,7470,490,153,0,0,5418,2993,2896,2075,0,0,1847,1008,0,0,2422,1218,42927,24186,0,1,0,0,1,0,644,0
152243,478478,772090,4225,1044,4656,2349,17741,8997,0,0,11162,5777,17563,8297,3686,427,0,0,7731,3870,32692,9445,9289,4650,108745,44856,2,1,0,0,1,0,599,0
28444,173249,36201,1063,672,0,0,2985,1544,0,0,0,0,4438,2643,2238,1372,0,0,168,84,13568,11122,1398,704,25858,18141,0,1,0,0,1,0,553,1
34229,205374,13692,1078,310,0,0,4280,2197,0,0,0,0,5221,2657,2049,831,0,0,220,100,19384,12163,1997,1000,34229,19258,0,1,0,0,1,0,610,0
15937,0,37187,645,385,4525,2268,1725,881,0,0,0,0,2428,1251,374,248,0,0,0,0,7488,4008,523,261,17708,9302,0,1,0,0,0,0,593,0
112176,179482,964714,9205,3791,7218,3623,22128,11283,0,0,0,0,7496,3883,2079,1221,20828,10541,3017,1511,36581,14695,3624,1822,112176,52370,0,1,0,1,1,0,579,0
46817,613824,31211,1695,237,0,0,6780,3478,0,0,617,298,8489,4537,5963,1296,13853,7011,360,180,11184,2118,3078,1542,52019,20697,1,1,0,0,1,0,639,0
378893,622467,1975657,22731,8714,8396,4205,31975,16365,0,0,0,0,34507,17788,12037,6097,0,0,13890,6954,130447,69158,16655,8317,270638,137598,0,1,0,0,1,0,563,1
110972,796984,776807,4449,2723,9736,4903,3491,2220,0,0,797,504,23188,13464,6337,3226,21415,10838,1979,1080,24316,14908,5176,2601,100884,56467,1,1,1,0,1,1,558,0
82169,664821,112048,941,106,0,0,9510,4878,0,0,0,0,9917,4329,7704,1149,19614,9927,473,258,22194,6317,4346,2170,74699,29134,0,1,0,1,1,0,665,0
115560,219564,80892,8444,568,8039,4051,24487,12513,274,274,12228,6260,8299,4233,2116,692,0,0,3352,1678,44293,15450,4028,2024,115560,47743,2,1,0,0,1,0,625,0
41256,602338,16502,1063,61,0,0,5752,2956,0,0,0,0,5767,2342,5068,203,12054,6102,314,158,8568,2094,2670,1351,41256,15267,0,1,0,0,1,0,652,0
237505,296882,554179,4382,276,6265,3153,23781,12028,0,0,0,0,22122,9650,4422,2831,33548,16978,9502,5189,81412,44061,12487,6285,197921,100451,0,1,0,0,1,0,672,0
187322,280983,974074,17152,10218,9472,4736,42172,27823,0,0,0,0,11028,6343,5697,2226,26937,13632,3902,1953,66263,32413,4699,2358,187322,101702,0,1,1,1,1,0,614,0
28329,181306,39661,1361,1000,0,0,2721,1392,0,0,247,124,3568,1941,2557,964,5691,2880,135,63,10797,6234,1252,627,28329,15225,1,1,0,0,1,0,650,0
25472,342454,28302,711,80,0,0,3673,1859,0,0,0,0,4505,2335,1208,135,7551,3822,187,85,8786,2764,1681,847,28302,11927,0,1,0,0,1,0,668,0
60206,645849,71153,1068,365,0,0,10718,6917,0,0,737,386,9600,4958,5520,3345,0,0,396,216,23097,12278,3597,1813,54733,30278,1,1,0,0,1,0,585,1
3935,984,0,102,22,293,147,3934,2028,0,0,0,0,590,287,0,0,0,0,0,0,0,0,0,0,4919,2484,0,0,0,0,1,0,672,0
28638,9546,712768,1658,1249,7217,3621,3323,1988,0,0,0,0,4195,2328,1062,585,0,0,0,0,13542,8028,823,412,31820,18211,0,1,0,0,1,0,433,1
156316,203211,1078580,10228,3499,0,0,35787,22828,0,0,0,0,10356,5986,3234,638,25106,12706,3636,1820,63583,47952,4386,2209,156316,97638,0,1,1,1,1,0,559,0
88276,105931,635587,8884,1579,0,0,17509,8892,0,0,8606,4421,5914,3065,1727,1050,0,0,2180,992,40585,19828,2871,1440,88276,41267,2,1,0,0,1,0,564,0
114993,146355,261348,8548,3088,5375,2705,16510,8452,0,0,9402,5347,6539,3840,2542,1272,0,0,2244,1122,50689,31189,2690,1359,104539,58374,2,1,0,0,1,0,604,0
318996,1797975,3450952,6959,6959,29554,14937,10358,6337,0,0,0,0,67798,38318,24734,17270,64936,32864,5999,3276,63959,45238,15699,7898,289996,173097,0,1,1,1,1,1,562,0
140740,76767,933998,15947,10739,7011,3535,21152,10890,0,0,0,0,7613,4102,3582,2342,0,0,2910,1458,66238,45511,3492,1752,127945,80329,0,1,0,0,1,0,578,0
64103,52448,536130,10682,4572,0,0,17869,9093,0,0,0,0,6143,3166,1071,359,17068,8638,2472,1236,0,0,2970,1487,58275,28551,0,1,0,0,1,0,589,0
146589,493073,1372609,9753,4385,4008,2010,15403,7924,0,0,9032,4880,16487,8501,8648,5795,0,0,6094,2774,55867,27428,7971,4008,133263,67705,2,1,0,0,1,0,546,0
90183,108220,613244,9196,4759,4344,2185,13342,6801,0,0,7242,4055,4504,2331,1546,536,12490,6321,1810,906,33537,17936,2172,1092,90183,46922,2,1,1,0,1,0,560,0
39814,7963,398140,2194,1239,0,0,3744,1918,0,0,1597,791,6078,3525,942,422,3673,1859,0,0,20442,12945,1144,575,39814,23274,2,1,0,0,1,0,546,0
84772,254315,952051,8876,379,0,0,21112,12996,0,0,0,0,16768,8111,2714,714,0,0,7140,3574,0,0,8599,4302,65209,30076,0,1,0,0,1,0,548,0
21744,125632,45904,1035,424,0,0,5807,3622,0,0,0,0,4832,2156,2974,1650,0,0,210,105,7214,3461,2088,1049,24160,12467,0,1,0,0,1,0,606,0
5461,3823,26759,241,99,0,0,946,484,0,0,331,174,1281,662,130,66,0,0,0,0,2255,767,277,139,5461,2391,1,1,0,0,1,0,632,0
252977,433675,668583,15582,11324,6268,3147,24126,12283,0,0,0,0,26065,13451,4434,1502,33794,17103,10442,5227,47424,24422,12563,6324,180698,94783,0,1,0,1,1,0,663,0
58297,725469,51819,1808,1103,0,0,7767,4002,0,0,0,0,9621,4972,6667,3354,16304,8251,432,216,18553,7426,3622,1829,64774,31153,0,1,0,0,1,0,639,0
122086,325562,2004239,8587,3930,0,0,7188,3629,0,0,0,0,54543,28281,11975,5189,0,0,5382,2939,0,0,14063,7074,101738,51042,0,1,0,0,1,1,510,1
158440,464759,1499903,7507,2447,0,0,14053,7109,0,0,7198,3945,15278,7882,4484,1802,0,0,6150,3079,43541,25380,7416,3730,105627,55374,2,1,1,0,1,0,557,1
19773,1977,120615,673,293,4806,2422,2175,1285,0,0,598,280,2572,1326,524,266,0,0,0,0,7873,3324,552,278,19773,9474,1,1,0,0,1,0,572,1
164824,545188,621261,10238,1355,0,0,24989,12975,999,0,0,0,26007,12592,7553,2761,0,0,10208,4646,33311,7842,13483,6757,126788,48928,0,1,0,0,1,0,629,0
40076,40076,320610,4237,1422,0,0,8350,4346,0,0,0,0,2806,1450,980,330,0,0,1130,566,17563,7655,1367,685,36433,16454,0,1,0,0,1,0,562,1
283687,894706,1920345,10255,3793,0,0,36830,18813,0,0,20627,10096,36866,17263,15657,6341,0,0,12167,6768,66245,30081,19574,9876,218221,103031,2,1,1,0,1,0,629,0
124143,462714,1602569,4679,3179,4443,2230,16852,8568,0,0,0,0,18263,9416,6347,3251,0,0,7365,3687,46062,30370,8846,4461,112857,65162,0,1,1,0,1,0,538,1
2783,1855,0,103,74,216,108,3889,2503,0,0,0,0,430,220,0,0,0,0,0,0,0,0,0,0,4638,2905,0,0,0,0,1,0,570,0
57215,732352,57215,2684,1736,0,0,5149,2640,0,0,355,174,7471,4406,6470,5021,0,0,264,144,32443,23853,2379,1192,57215,39166,1,1,0,0,1,0,610,0
176066,1584594,1424534,5395,680,0,0,11862,8369,0,0,2184,1117,58290,31681,4131,772,58564,29640,5409,2954,0,0,14225,7148,160060,82361,2,1,1,1,1,1,566,0
232646,845984,3383936,5919,153,0,0,10112,5664,0,0,0,0,50510,17438,11524,3038,73156,37024,6758,3690,35826,9464,17691,8843,211496,85314,0,1,1,1,1,1,504,1
185973,1078643,111584,13495,10241,24093,12145,6403,3261,0,0,0,0,56481,32337,14213,8139,53036,26841,5344,2675,0,0,12908,6455,185973,102094,0,1,0,1,1,1,676,1
191741,479353,903923,8417,4172,4318,2157,16438,8339,0,0,0,0,19876,11240,8872,4807,0,0,6589,2999,63792,43150,8656,4337,136958,81201,0,1,0,0,1,0,630,0
145146,261263,769274,12976,4715,0,0,25488,12855,0,0,11372,5205,8705,4502,1511,0,24187,12241,3211,1753,53501,27320,4195,2110,145146,70701,2,1,0,1,1,0,581,1
7127,2036,0,90,38,266,132,3459,1769,0,0,0,0,542,276,0,0,0,0,0,0,5825,4031,0,0,10182,6246,0,0,0,0,1,0,600,0
455849,1329559,1063647,17402,6956,0,0,54719,35759,0,0,0,0,41827,21636,16926,4955,54515,27590,16846,8433,157319,83043,20320,10175,379874,198547,0,1,1,1,1,0,645,1
224755,1086317,2846899,6604,2787,29545,14885,8024,4115,0,0,2577,1378,61282,31722,11463,9563,0,0,6021,3288,45943,26917,15837,7942,187296,102597,2,1,1,0,1,1,503,0
41942,468987,53381,1197,101,0,0,8595,5542,0,0,558,315,7062,3414,4768,1312,12783,6469,336,168,0,0,2830,1415,38129,18736,1,1,0,1,1,0,585,0
34166,454408,30749,416,0,0,0,4612,2329,0,0,0,0,5762,2979,3989,2006,0,0,252,126,16978,8981,2157,1083,34166,17504,0,1,0,0,1,0,633,0
240892,306590,766476,23077,18873,8463,4267,30783,18153,0,0,15685,7937,11277,7049,6658,4649,0,0,3512,1758,115310,89503,4228,2126,218993,154315,2,1,1,0,1,0,554,0
73455,609676,29382,3062,2263,0,0,6129,3148,0,0,0,0,9321,5653,6491,5623,12818,6487,336,168,32457,25493,2841,1426,73455,50261,0,1,0,1,1,0,632,0
239024,1533740,2370325,12477,8415,0,0,6129,3097,0,0,2165,1136,50508,27778,9330,4946,50204,25408,5059,2533,51192,40245,12123,6084,199187,119642,2,1,1,0,1,1,576,0
202932,930105,2942514,5424,3614,19769,9967,6907,4303,0,0,0,0,41064,21216,5051,1296,43503,22017,3287,1463,33561,17987,10544,5317,169110,87180,0,1,1,0,1,1,513,0
88668,150053,197797,4538,1935,0,0,13017,8339,0,0,0,0,8738,3608,2940,1062,0,0,4261,2133,29570,11152,5142,2581,68206,30810,0,1,1,0,1,0,630,0
90445,1068899,8222,2627,1349,0,0,9428,4789,0,0,904,463,11480,5924,5246,1332,19548,9893,516,258,28129,14941,4345,2185,82223,41134,1,1,0,0,1,0,645,0
359558,419485,4344664,23337,21029,0,0,27362,13944,0,0,0,0,33561,19101,13828,5271,39085,19780,12077,6046,135886,102124,14496,7289,299632,194584,0,1,1,1,1,0,524,1
131155,112418,365360,18594,13704,5050,2528,19123,9716,0,0,0,0,21794,11673,11292,8878,0,0,7689,4198,0,0,10140,5089,93682,55786,0,1,0,0,1,0,616,0
0,15842,62576,0,0,0,0,0,0,0,0,315,163,482,255,74,37,611,309,0,0,6225,4186,214,106,7921,5056,1,1,0,0,1,0,560,1
8054,1790,0,67,33,179,90,2723,1563,0,0,0,0,435,232,0,0,0,0,0,0,5545,3923,0,0,8949,5841,0,0,0,0,1,0,620,0
55167,401216,5015,1200,328,0,0,6270,3760,0,0,0,0,7072,4054,6887,4053,10594,5362,253,115,15535,7068,2341,1180,50152,25920,0,1,0,0,1,0,644,0
423260,1237223,2897706,29389,16643,0,0,41654,24080,0,0,17705,8616,40507,21442,14512,12249,0,0,15943,7981,146689,89209,19186,9630,325585,189850,2,1,1,0,1,0,522,0
24927,22434,37390,1019,430,10524,5271,3972,2016,0,0,1761,924,5598,2888,852,431,0,0,0,0,0,0,1201,604,24927,12564,2,1,0,0,1,0,634,1
43294,59037,184983,2475,608,2397,1210,7294,3720,0,0,0,0,2394,1189,398,398,6890,3487,996,498,15316,7859,1198,601,39358,19570,0,1,1,0,1,0,615,0
0,18054,54162,0,0,0,0,0,0,0,0,493,273,621,249,91,47,0,0,0,0,7447,3863,375,188,9027,4620,1,1,0,0,1,0,562,0
87990,223975,63993,2868,1509,0,0,3593,2235,0,0,0,0,21098,10913,4564,1997,22511,11393,2268,1134,17606,9427,5483,2748,79991,41356,0,1,0,0,1,1,631,0
19798,22272,138583,1127,559,0,0,2888,1478,0,0,0,0,4504,2508,899,688,0,0,0,0,14442,9725,887,445,24747,15403,0,1,0,0,1,0,575,0
13100,8734,187772,514,113,5211,2617,2645,1684,0,0,864,414,2440,1085,358,287,1928,976,0,0,0,0,596,299,14556,7475,1,1,0,0,1,0,453,1
78255,46953,735597,5211,4118,4112,2072,12464,6306,0,0,8042,4206,4253,2192,1959,991,11777,5960,1704,852,26681,16618,2052,1033,78255,44348,2,1,0,0,1,0,495,0
56888,865963,94814,1216,164,0,0,7908,4046,0,0,586,344,9044,4380,3230,1015,16418,8309,396,216,20766,7360,3645,1816,63209,27650,1,1,0,0,1,0,621,1
0,61978,15494,0,0,0,0,0,0,0,0,777,419,1332,767,285,157,1618,819,0,0,17561,10763,562,281,22135,13206,1,1,0,0,1,0,593,0
25364,138348,29975,1887,836,0,0,5957,3040,0,0,572,304,7352,3777,4210,846,0,0,324,162,0,0,2756,1382,23058,10347,1,1,0,0,1,0,653,0
109418,415788,1509968,3033,621,13596,6851,3673,1896,0,0,0,0,28557,14980,4009,569,29967,15165,3019,1512,16310,7810,7254,3636,109418,53040,0,1,0,0,1,1,532,0
6456,2582,0,110,49,228,114,3032,1532,0,0,0,0,525,294,0,0,0,0,0,0,9017,5811,0,0,12912,7800,0,0,0,0,1,0,664,1
39699,396990,3970,2225,1419,0,0,6056,3092,0,0,567,312,7384,3815,4229,860,0,0,308,168,16136,7778,2794,1404,39699,18848,1,1,0,0,1,0,619,0
44426,17770,93295,2817,565,3106,1563,9420,4839,0,0,0,0,2999,1441,1111,381,0,0,1290,648,22137,10877,1546,778,44426,21092,0,1,0,0,1,0,636,0
85848,788244,62435,1338,626,0,0,7980,4049,0,0,0,0,10856,6180,9105,2476,16426,8314,396,180,28295,17663,3648,1836,78044,41324,0,1,0,1,1,0,637,1
284875,932317,1502067,23826,18773,7434,3752,28239,14386,0,0,15966,8318,36060,21299,18596,13271,0,0,12347,6181,101599,66348,14910,7467,258977,159795,2,1,0,0,1,0,648,0
124492,572663,1904728,5196,920,23456,11810,8352,5208,0,0,0,0,46006,22545,3900,911,0,0,5199,2603,19949,8456,12434,6240,124492,58693,0,1,0,0,1,1,515,0
73423,241247,624096,7647,6437,0,0,12874,6602,0,0,0,0,16434,9621,4400,2005,0,0,4254,1894,0,0,6836,3422,52445,29981,0,1,0,0,1,0,564,0
44701,272676,8940,965,128,0,0,6422,3256,0,0,0,0,6957,3146,3767,274,13423,6793,292,147,9897,928,2978,1497,44701,16169,0,1,0,1,1,0,656,0
0,68775,131298,0,0,0,0,0,0,0,0,0,0,1117,640,159,100,1393,705,0,0,17686,11769,486,246,20841,13460,0,1,0,0,1,0,497,1
6238,6931,4852,226,134,0,0,878,443,0,0,0,0,1222,629,158,96,850,430,0,0,3332,1553,265,133,6931,3418,0,1,0,0,1,0,677,0
156524,421410,686297,5344,3301,3108,1562,16256,10387,0,0,5834,2704,12822,6608,5197,2991,16720,8462,5167,2587,43745,25184,6210,3114,120403,66900,2,1,0,0,1,0,584,0
0,7824,17408,0,0,0,0,0,0,0,0,454,231,903,512,199,131,0,0,0,0,0,0,400,200,1956,1074,1,1,0,0,1,0,594,0
112744,403998,1428086,2972,471,18496,9296,4976,2513,0,0,0,0,35106,16640,3617,185,0,0,3761,1712,15150,6216,9875,4953,93953,41986,0,1,0,0,1,1,545,1
54349,76089,293485,8491,5442,4059,2034,12516,6339,0,0,0,0,4178,2148,726,509,0,0,1680,840,20684,10828,2015,1018,54349,29158,0,1,1,0,1,0,578,1
8981,5613,0,123,41,0,0,3897,2015,0,0,0,0,634,322,0,0,0,0,0,0,6572,3129,0,0,11226,5507,0,0,0,0,1,0,636,0
19062,146142,36006,900,462,0,0,2518,1294,0,0,0,0,3060,1575,1752,355,5190,2626,132,66,6479,3007,1149,578,21180,9963,0,1,0,0,1,0,650,0
66839,613706,0,5569,3809,0,0,8176,4144,0,0,0,0,13275,8439,6295,5096,0,0,444,222,23249,20950,3755,1894,60763,44554,0,0,0,0,1,0,596,0
6140,5458,139169,257,69,0,0,1343,902,0,0,0,0,1065,429,151,85,0,0,0,0,3730,1891,276,138,6822,3514,0,1,0,0,1,0,415,1
127988,477047,1733660,9752,5755,0,0,15255,7678,0,0,0,0,16676,8598,7726,3913,0,0,6699,3354,52198,27854,8047,4062,116353,61214,0,1,0,0,1,0,522,0
16330,195955,7258,1112,816,0,0,2257,1149,0,0,0,0,2980,1661,2152,1206,0,0,110,50,8503,5421,1030,518,18144,10821,0,1,0,0,1,0,621,0
455062,606749,5157365,17504,11353,8877,4472,48766,32073,0,0,19550,10726,42448,24766,11908,7617,47644,24112,14723,7371,150091,108156,17707,8937,379218,239583,2,1,1,0,1,0,575,0
59164,65080,378650,6671,1407,3537,1777,10694,5421,0,0,0,0,3104,1342,1344,512,10139,5131,1468,736,20444,9830,1763,885,59164,27041,0,1,1,0,1,0,614,1
207525,490513,2829885,41997,32078,0,0,36747,18469,0,0,0,0,49984,30324,23871,16920,0,0,16359,8190,0,0,19701,9889,188659,115870,0,1,1,0,1,0,526,1
55889,430345,5589,2553,1954,0,0,6801,3442,0,0,570,318,8735,4647,6061,3019,0,0,341,155,27661,18311,3167,1591,55889,33437,1,1,0,0,1,0,632,0
176145,739809,2730248,8009,2100,32856,16435,8954,4571,1082,1082,0,0,63931,30895,3029,999,0,0,7287,3648,33433,6838,17564,8829,176145,75397,0,1,1,0,1,1,547,1
36201,321784,64357,803,411,0,0,4509,2251,0,0,0,0,5569,2869,3947,2673,9459,4787,231,126,13617,8519,2088,1047,40223,22683,0,1,0,0,1,0,620,1
16619,3693,0,317,247,364,183,4714,2388,0,0,0,0,744,386,0,0,0,0,0,0,12327,9051,0,0,18466,12255,0,0,0,0,1,0,607,0
169469,550774,734365,10624,33,0,0,30594,15605,0,0,0,0,25553,9568,2139,2139,43026,21775,13295,6656,0,0,15993,7993,141224,63769,0,1,1,0,1,0,636,0
308104,872960,539181,14797,8412,0,0,24090,12123,0,0,13791,6964,29656,16765,7556,4553,34457,17438,8872,4441,110732,72028,12802,6449,256753,149173,2,1,0,1,1,0,607,0
15619,123531,5680,303,16,0,0,2588,1508,0,0,0,0,2136,854,498,166,4537,2296,120,60,3013,635,1004,506,14199,6041,0,1,0,0,1,0,625,0
74949,119918,112424,4032,1147,0,0,17379,8823,0,0,8426,3706,4617,1805,1707,715,16209,8203,2348,1176,17429,381,2802,1405,74949,27361,2,1,0,0,1,0,636,0
57696,814159,70518,1637,863,0,0,13047,8719,0,0,0,0,10898,5633,7678,3906,0,0,451,205,26284,13953,4112,2060,64107,35339,0,1,0,0,1,0,625,0
117027,128730,315973,9374,2961,6520,3281,23429,13735,0,0,0,0,7662,4396,2001,2001,18720,9474,2711,1356,43337,23593,3273,1648,117027,62445,0,1,0,0,1,0,621,0
103993,75631,841397,7627,2108,7241,3622,21903,11195,0,0,12991,6872,7225,3611,2341,640,0,0,2769,1512,28797,7190,3645,1828,94539,38578,2,1,0,0,1,0,555,0
462162,957336,3697299,10653,7150,0,0,38109,19333,0,0,18255,10790,41288,21285,17124,9772,53754,27204,16610,8315,114336,54552,19987,9992,330116,168393,2,1,1,1,1,0,572,1
196038,686133,1993053,11011,1927,6818,3408,26124,13123,0,0,0,0,28833,15212,6109,1292,0,0,11333,5674,59527,18282,13610,6826,163365,65744,0,1,1,0,1,0,587,0
11706,11706,30727,1604,1091,0,0,3356,1705,0,0,0,0,4733,2445,616,496,3299,1670,0,0,0,0,1024,514,14632,7921,0,1,0,0,1,0,663,1
77586,108620,15517,9922,1599,6629,3336,20250,10199,0,0,0,0,6513,3197,2488,536,0,0,2754,1380,25720,1910,3310,1669,77586,23826,0,1,0,0,1,0,667,0
204368,1839312,3269888,7408,3111,32224,16154,8707,4485,0,0,0,0,65986,34244,16483,8305,0,0,6527,3564,49971,29836,17062,8597,204368,108296,0,1,1,0,1,1,467,1
113117,863806,1090040,3723,804,22390,11302,6032,3120,0,0,1656,938,32325,9909,3720,895,0,0,4547,2483,16498,5734,11943,6013,102834,41198,2,1,0,0,1,1,559,0
81756,133783,282431,6500,1840,3358,1690,12627,6507,0,0,6696,3625,11678,5021,3683,1312,17989,9103,5094,2319,0,0,6699,3372,74324,34789,2,1,0,0,1,0,615,0
4739,1896,0,109,55,0,0,3547,1818,0,0,0,0,561,295,0,0,0,0,0,0,5261,2801,0,0,9478,4969,0,0,0,0,1,0,597,0
21618,190634,11792,985,632,0,0,2442,1397,0,0,0,0,2935,1698,2627,1747,0,0,112,58,9592,6092,960,480,19653,12104,0,1,0,0,1,0,589,0
295687,320328,2537982,26398,15764,0,0,26991,16686,0,0,0,0,24351,13460,9973,7266,29449,14904,9100,4555,109163,70158,10981,5511,246406,148304,0,1,0,0,1,0,635,0
10602,5301,0,91,0,331,164,4347,2222,0,0,0,0,583,244,0,0,0,0,0,0,5250,648,0,0,10602,3278,0,0,0,0,1,0,667,0
111234,141571,171907,5315,438,6463,3252,19741,9864,0,0,11239,5281,6015,2786,1395,265,18552,9389,2687,1344,26488,7145,3227,1627,101122,41391,2,1,0,0,1,0,626,0
73994,44396,628949,4711,1185,6982,3516,31192,20431,0,0,0,0,6745,3225,671,247,0,0,2673,1216,17515,4921,3505,1760,73994,36501,0,1,0,0,1,0,555,1
22112,17690,555011,502,207,5263,2642,1985,1013,0,0,0,0,2778,1440,571,215,1940,982,0,0,8474,4568,599,300,22112,11367,0,1,0,0,1,0,389,1
163513,252702,758105,3605,869,0,0,39950,25305,0,0,0,0,26318,10190,10849,1547,0,0,11215,5616,40531,2301,16180,8146,148648,53974,0,1,0,0,1,0,612,0
181078,739400,1750417,9772,6123,0,0,20989,10721,0,0,0,0,22760,11695,7786,1317,0,0,8400,3823,70120,37252,11071,5560,150898,76491,0,1,1,0,1,0,559,1
202442,513892,482748,4874,722,0,0,23782,12105,0,0,0,0,20649,8193,5497,1059,33668,17040,9537,5208,45183,7072,12535,6272,155725,57671,0,1,0,0,1,0,688,0
51157,35810,342752,6435,2764,3703,1855,16186,10777,126,126,0,0,3459,1611,838,181,0,0,1280,640,17282,8484,1848,929,51157,27367,0,1,1,0,1,0,559,0
37188,542945,59501,1951,1740,0,0,8810,6539,0,0,448,226,6215,3468,7717,6290,9654,4886,252,126,0,0,2141,1073,37188,24348,1,1,0,1,1,0,594,1
60497,497421,100828,2178,417,0,0,8081,4132,0,0,0,0,11353,6556,7452,1805,16897,8552,407,222,17111,3569,3740,1888,67219,27141,0,1,0,0,1,0,652,0
172130,156482,250371,15433,9867,7474,3745,22563,11484,0,0,13983,7516,7793,4032,2704,1374,21505,10884,3115,1560,58174,30434,3738,1875,156482,82771,2,1,0,0,1,0,605,0
113584,435404,870808,4820,558,0,0,21597,13441,0,0,8523,4142,16318,7653,4867,679,23308,11796,6602,3005,0,0,8618,4322,94653,45596,2,1,1,0,1,0,541,1
29502,8851,188813,4177,723,2777,1394,8549,4370,128,0,0,0,2845,1460,524,199,7961,4029,1152,576,0,0,1389,700,29502,13451,0,1,0,0,1,0,564,0
134940,202410,418314,11578,6933,6368,3205,28051,18325,0,0,11236,6335,6605,3415,1907,1536,18261,9242,2645,1325,45106,22166,3183,1598,134940,74080,2,1,0,0,1,0,574,0
8988,3268,6537,224,136,2428,1220,905,465,0,0,0,0,1052,432,105,42,0,0,0,0,3180,1266,277,139,8171,3700,0,1,0,0,1,0,661,0
48768,764037,10837,1039,367,0,0,10675,6905,0,0,0,0,9503,4903,8726,4410,0,0,420,210,20264,9730,3560,1792,54187,28317,0,1,0,0,1,0,655,0
27917,25379,210646,1545,363,2402,1208,9711,6089,0,0,0,0,2105,913,554,108,0,0,913,415,6950,2567,1199,604,25379,12267,0,1,0,0,1,0,572,0
186574,149260,1119447,21174,14943,6190,3111,32614,21072,0,0,0,0,27016,14613,15628,8265,0,0,9435,4294,0,0,12326,6211,124383,72509,0,1,0,0,1,0,561,1
106512,183975,280804,6651,3397,3246,1630,15838,9861,0,0,0,0,13507,6966,5524,3971,0,0,4523,1812,41009,21458,6531,3294,96829,52389,0,1,0,0,1,0,620,0
188257,363066,430301,10162,5404,7004,3525,26248,13471,0,0,0,0,23624,9634,6183,2872,37575,19017,9678,5813,0,0,13995,7052,134469,66788,0,1,1,1,1,0,637,1
0,6979,6611,0,0,0,0,0,0,0,0,609,209,900,377,114,19,1518,768,0,0,0,0,532,269,3673,1642,1,1,0,0,1,0,490,0
228424,335023,1020296,2942,378,7742,3885,29632,15060,0,0,0,0,23490,7899,6625,906,0,0,12938,6477,53403,6619,15511,7772,152283,48996,0,1,1,0,1,0,625,0
132328,767502,1667333,2030,1116,20797,10462,5672,2897,0,0,0,0,37234,16301,5678,2858,0,0,4632,2319,45115,24739,11170,5596,132328,66288,0,1,1,0,1,1,526,1
295173,771990,1952682,34133,26505,0,0,22723,11618,0,0,0,0,30664,18794,10709,9390,0,0,9874,4943,107060,71163,11893,5968,227056,148381,0,1,1,0,1,0,538,1
199790,744671,2125036,3185,1635,34772,17581,9375,4774,0,0,0,0,68225,33269,7609,1518,0,0,7739,3874,32131,3959,18591,9328,181627,75938,0,1,0,0,1,1,588,0
222426,606615,1294112,14617,6730,5973,3002,48598,37440,0,0,0,0,24729,12781,9872,4303,0,0,9102,4143,77291,41294,12023,6048,202205,115741,0,1,1,0,1,0,585,0
15827,3165,0,68,0,492,246,6507,3330,0,0,0,0,927,433,0,0,0,0,0,0,7833,933,0,0,15827,4942,0,0,0,0,1,0,696,0
0,5078,48245,0,0,0,0,0,0,0,0,0,0,548,274,56,10,796,403,0,0,4672,672,276,138,6348,1497,0,1,0,0,1,0,548,0
10847,8875,195248,671,432,4258,2132,1784,1000,0,0,0,0,2256,1166,405,238,0,0,0,0,0,0,487,248,9861,5216,0,1,0,0,1,0,507,0
281577,974691,888052,14890,2577,7408,3720,28429,14630,0,0,0,0,29150,14381,6251,979,39857,20171,12316,6166,63576,10502,14721,7368,216598,80494,0,1,0,0,1,0,617,0
174000,1502729,411273,2831,812,0,0,8683,5556,0,0,2261,1133,45891,22343,6001,308,51602,26115,4333,2169,24098,1457,12482,6312,158182,66205,2,1,0,1,1,1,636,0
39300,247590,55020,2199,740,0,0,6858,3431,0,0,595,327,6769,2775,2450,1543,0,0,341,155,16981,7704,3107,1567,39300,18242,1,1,0,0,1,0,638,0
123476,473326,1440558,9640,3836,0,0,13640,6989,0,0,5426,3138,14715,7611,5948,2615,0,0,5447,2974,40914,14773,7167,3599,102897,45535,2,1,0,0,1,0,544,1
0,11929,22081,0,0,0,0,0,0,0,0,165,103,208,74,31,0,0,0,0,0,1998,374,136,69,2538,620,1,1,0,0,1,0,623,0
140505,1136815,89412,5299,3464,0,0,3665,1866,0,0,0,0,33457,19799,6128,5215,29987,15177,3021,1512,38901,27858,7274,3664,127732,78555,0,1,0,1,1,1,626,0
195779,307652,1468341,11842,1541,0,0,22386,11318,0,0,11032,5989,22277,10516,6779,2630,0,0,9815,4914,43929,8708,11782,5948,139842,51564,2,1,0,0,1,0,575,0
457662,1725035,1372987,33073,27142,0,0,36165,18819,0,0,0,0,47367,28338,10138,5605,51366,25996,14551,7947,140276,93896,19112,9610,352048,217353,0,1,1,1,1,0,531,1
297516,371895,2355335,6633,199,0,0,36855,18781,0,0,0,0,33296,13938,6355,1800,51950,26292,16053,8037,77484,8069,19304,9705,247930,86821,0,1,1,0,1,0,570,0
134780,183790,428844,23913,19384,9106,4570,28031,14094,1157,277,0,0,10350,5796,4731,3130,0,0,2831,1260,37851,15818,4557,2290,122527,66619,0,1,0,0,1,0,618,0
28511,322174,37064,1342,864,0,0,3576,1795,0,0,0,0,4882,2760,4056,2559,0,0,176,80,12828,8836,1651,828,28511,17722,0,1,0,0,1,0,595,0
14610,86333,15938,359,83,0,0,3094,2070,0,0,0,0,2769,1519,1593,407,4380,2217,120,60,0,0,967,486,13282,6842,0,1,0,0,1,0,570,1
20941,262711,24748,469,210,0,0,6033,3091,0,0,0,0,6350,2755,3067,1379,0,0,308,168,0,0,2810,1413,19037,9016,0,1,0,0,1,0,595,0
123364,185046,1122612,4577,1911,0,0,35005,20194,0,0,0,0,10607,5604,4622,2850,0,0,3829,2091,59699,41366,5025,2527,123364,76543,0,1,0,0,1,0,535,0
26768,10038,378098,1288,663,0,0,4249,2163,0,0,0,0,5937,3066,757,297,0,0,0,0,19955,9520,1274,640,33460,16349,0,1,0,0,1,0,542,1
67827,776239,82899,6359,4722,0,0,9364,4709,0,0,0,0,12660,7041,8102,3918,0,0,516,258,33977,17955,4385,2203,75363,40806,0,1,0,0,1,0,639,0
0,13756,20474,0,0,0,0,0,0,0,0,877,410,1552,924,142,105,0,0,0,0,0,0,628,316,3199,1755,1,1,0,0,1,0,492,0
60401,42281,398647,6505,3228,3286,1642,10079,5114,0,0,0,0,3539,1896,957,385,0,0,1368,684,33013,25250,1654,832,60401,39031,0,1,0,0,1,0,575,0
21592,11777,213956,328,212,5879,2948,2200,1112,0,0,870,514,2671,1166,376,138,0,0,0,0,6631,2968,674,339,19629,9397,1,1,0,0,1,0,550,0
6141,1228,0,51,27,339,173,4414,2242,0,0,0,0,704,360,0,0,0,0,0,0,6774,5194,0,0,12282,7996,0,0,0,0,1,0,586,1
71426,138089,152374,2435,1305,0,0,13312,6783,0,0,0,0,14499,7482,5033,2535,0,0,5339,2915,0,0,6999,3517,47617,24537,0,1,0,0,1,0,634,0
197676,303103,803882,7585,1586,0,0,34349,17492,0,0,19140,8365,34646,16779,4542,295,0,0,13659,7458,0,0,17863,9013,131784,60988,2,1,0,0,1,0,643,1
16090,8939,144812,561,230,0,0,2207,1128,0,0,0,0,3267,1776,556,175,0,0,0,0,10624,7060,663,330,17878,10699,0,1,0,0,1,0,570,1
21767,166219,35618,1828,1244,0,0,4406,2260,0,0,0,0,6009,3361,5245,3363,0,0,240,120,0,0,2060,1038,19788,11386,0,1,0,0,1,0,619,0
113108,45243,1063215,7161,263,0,0,38617,24866,0,0,0,0,8724,4234,3687,1025,25897,13107,3438,1878,21084,4966,4500,2262,113108,52601,0,1,0,0,1,0,556,0
134922,359792,1113106,4365,1085,0,0,26200,16807,0,0,9792,4212,17223,7328,10396,6875,26855,13592,7608,4155,0,0,9996,5004,112435,59058,2,1,1,0,1,0,525,0
112342,806819,837458,2214,207,0,0,4163,2108,0,0,0,0,28773,13482,4743,907,33671,17040,3392,1698,17035,4566,8138,4074,102129,44082,0,1,0,0,1,1,596,0
